url_vieja,url_nueva,campo,valor_viejo,valor_nuevo,severidad
/,/,title,SpaceDev | Web3 Development Services & Custom Software Solutions,SpaceDev | Blockchain Development Company & Web3 Experts,REVIEW
/,/,description,"SpaceDev is a blockchain development company offering web and mobile app development, and IT staff augmentation services for scalable growth.","Blockchain development company building Web3, web, and mobile products, with nearshore IT staff augmentation from LATAM. Let's build your product.",REVIEW
/,/,og:title,SpaceDev | Web3 Development Services & Custom Software Solutions,SpaceDev | Blockchain Development Company & Web3 Experts,WARN
/,/,og:description,"SpaceDev is a blockchain development company offering web and mobile app development, and IT staff augmentation services for scalable growth.","Blockchain development company building Web3, web, and mobile products, with nearshore IT staff augmentation from LATAM. Let's build your product.",WARN
/,/,og:image,https://framerusercontent.com/assets/KD9R4h94YxLSpWDK8gSxftGd7U.svg,https://spacedev.io/images/og-default.png,WARN
/,/,h1,Tech Partner.,Blockchain Development Company & Web3 Software Partner,WARN
/about-us,/about-us,title,About Us | SpaceDev,About SpaceDev | Nearshore Blockchain Development Team,REVIEW
/about-us,/about-us,description,"Learn more about SpaceDev, a leading tech company in Consulting and Software Development. Discover our mission, vision, and the team driving our success.","SpaceDev is a blockchain development company with 70+ engineers and 160+ products shipped. Meet the nearshore LATAM team behind secure, scalable software.",REVIEW
/about-us,/about-us,canonical,https://spacedev.io/about-us,https://spacedev.io/about-us/,INFO
/about-us,/about-us,og:title,About Us | SpaceDev,About SpaceDev | Nearshore Blockchain Development Team,WARN
/about-us,/about-us,og:description,"Learn more about SpaceDev, a leading tech company in Consulting and Software Development. Discover our mission, vision, and the team driving our success.","SpaceDev is a blockchain development company with 70+ engineers and 160+ products shipped. Meet the nearshore LATAM team behind secure, scalable software.",WARN
/about-us,/about-us,og:image,https://framerusercontent.com/assets/KD9R4h94YxLSpWDK8gSxftGd7U.svg,https://spacedev.io/images/og-default.png,WARN
/about-us,/about-us,h1,We are SpaceDev...,"We help startups and enterprises ship secure, scalable blockchain products without costly rewrites, delays, or architectural risks.",WARN
/author/diego-priliac,/author/diego-priliac,title,SpaceDev,Diego Priliac | COO at SpaceDev,REVIEW
/author/diego-priliac,/author/diego-priliac,description,"Unlock the future of technology with SpaceDev. We specialize in cutting-edge software development, AI integration, blockchain solutions, and more. Discover how we can elevate your business.","Diego leads operations at SpaceDev, building the systems and culture that turn talented engineers into a high-performing team. He believes the difference b",REVIEW
/author/diego-priliac,/author/diego-priliac,canonical,https://spacedev.io/author/diego-priliac,https://spacedev.io/author/diego-priliac/,INFO
/author/diego-priliac,/author/diego-priliac,og:title,SpaceDev,Diego Priliac | COO at SpaceDev,WARN
/author/diego-priliac,/author/diego-priliac,og:description,"Unlock the future of technology with SpaceDev. We specialize in cutting-edge software development, AI integration, blockchain solutions, and more. Discover how we can elevate your business.","Diego leads operations at SpaceDev, building the systems and culture that turn talented engineers into a high-performing team. He believes the difference b",WARN
/author/diego-priliac,/author/diego-priliac,og:image,https://framerusercontent.com/images/G6FrxHO2dL9IcgUw5RwkUELN6g.png,https://spacedev.io/images/og-default.png,WARN
/author/diego-priliac,/author/diego-priliac,h1,(ausente),Diego Priliac,WARN
/author/federico-sendra,/author/federico-sendra,title,SpaceDev,Federico Sendra | CEO & Co-founder at SpaceDev,REVIEW
/author/federico-sendra,/author/federico-sendra,description,"Unlock the future of technology with SpaceDev. We specialize in cutting-edge software development, AI integration, blockchain solutions, and more. Discover how we can elevate your business.",Federico co-founded SpaceDev to bring startup agility to enterprise-grade engineering. He's spent the last decade helping Web2 and Web3 teams ship products,REVIEW
/author/federico-sendra,/author/federico-sendra,canonical,https://spacedev.io/author/federico-sendra,https://spacedev.io/author/federico-sendra/,INFO
/author/federico-sendra,/author/federico-sendra,og:title,SpaceDev,Federico Sendra | CEO & Co-founder at SpaceDev,WARN
/author/federico-sendra,/author/federico-sendra,og:description,"Unlock the future of technology with SpaceDev. We specialize in cutting-edge software development, AI integration, blockchain solutions, and more. Discover how we can elevate your business.",Federico co-founded SpaceDev to bring startup agility to enterprise-grade engineering. He's spent the last decade helping Web2 and Web3 teams ship products,WARN
/author/federico-sendra,/author/federico-sendra,og:image,https://framerusercontent.com/images/G6FrxHO2dL9IcgUw5RwkUELN6g.png,https://spacedev.io/images/og-default.png,WARN
/author/federico-sendra,/author/federico-sendra,h1,(ausente),Federico Sendra,WARN
/author/juan-manuel-sobral,/author/juan-manuel-sobral,title,SpaceDev,Juan Manuel Sobral | CTO & Co-founder at SpaceDev,REVIEW
/author/juan-manuel-sobral,/author/juan-manuel-sobral,description,"Unlock the future of technology with SpaceDev. We specialize in cutting-edge software development, AI integration, blockchain solutions, and more. Discover how we can elevate your business.","Juan Manuel leads the technical vision at SpaceDev with deep expertise in smart contracts, decentralized protocols, and scalable backend systems. He's a fr",REVIEW
/author/juan-manuel-sobral,/author/juan-manuel-sobral,canonical,https://spacedev.io/author/juan-manuel-sobral,https://spacedev.io/author/juan-manuel-sobral/,INFO
/author/juan-manuel-sobral,/author/juan-manuel-sobral,og:title,SpaceDev,Juan Manuel Sobral | CTO & Co-founder at SpaceDev,WARN
/author/juan-manuel-sobral,/author/juan-manuel-sobral,og:description,"Unlock the future of technology with SpaceDev. We specialize in cutting-edge software development, AI integration, blockchain solutions, and more. Discover how we can elevate your business.","Juan Manuel leads the technical vision at SpaceDev with deep expertise in smart contracts, decentralized protocols, and scalable backend systems. He's a fr",WARN
/author/juan-manuel-sobral,/author/juan-manuel-sobral,og:image,https://framerusercontent.com/images/G6FrxHO2dL9IcgUw5RwkUELN6g.png,https://spacedev.io/images/og-default.png,WARN
/author/juan-manuel-sobral,/author/juan-manuel-sobral,h1,(ausente),Juan Manuel Sobral,WARN
/blockaudit-smart-contract-and-blockchain-security,/blockaudit-smart-contract-and-blockchain-security,description,"Security is vital. Our expert smart contract audit ensures safe deployment, monitoring upgrade and management of Ethereum applications for startups and enterprises.","Smart contract audit and blockchain security services: static and manual analysis, formal verification, and post-launch monitoring. Secure your Web3 project.",REVIEW
/blockaudit-smart-contract-and-blockchain-security,/blockaudit-smart-contract-and-blockchain-security,canonical,https://spacedev.io/blockaudit-smart-contract-and-blockchain-security,https://spacedev.io/blockaudit-smart-contract-and-blockchain-security/,INFO
/blockaudit-smart-contract-and-blockchain-security,/blockaudit-smart-contract-and-blockchain-security,og:description,"Security is vital. Our expert smart contract audit ensures safe deployment, monitoring upgrade and management of Ethereum applications for startups and enterprises.","Smart contract audit and blockchain security services: static and manual analysis, formal verification, and post-launch monitoring. Secure your Web3 project.",WARN
/blockaudit-smart-contract-and-blockchain-security,/blockaudit-smart-contract-and-blockchain-security,og:image,https://framerusercontent.com/assets/b3AOnqyGGgTl8jm8scRPoJgQ.svg,https://spacedev.io/images/og-default.png,WARN
/blockchain-development-services,/blockchain-development-services,title,Blockchain Development Services for Scalable Solutions,Blockchain Development Services for Web3 & Enterprises,REVIEW
/blockchain-development-services,/blockchain-development-services,description,"SpaceDev delivers end-to-end blockchain development services. We combine technical research, consulting, and app development to create transparent and efficient business solutions.","Custom blockchain development services from concept to mainnet: Web3 engineering, product strategy, and embedded security. Build with SpaceDev's expert team.",REVIEW
/blockchain-development-services,/blockchain-development-services,canonical,https://spacedev.io/blockchain-development-services,https://spacedev.io/blockchain-development-services/,INFO
/blockchain-development-services,/blockchain-development-services,og:title,Blockchain Development Services for Scalable Solutions,Blockchain Development Services for Web3 & Enterprises,WARN
/blockchain-development-services,/blockchain-development-services,og:description,"SpaceDev delivers end-to-end blockchain development services. We combine technical research, consulting, and app development to create transparent and efficient business solutions.","Custom blockchain development services from concept to mainnet: Web3 engineering, product strategy, and embedded security. Build with SpaceDev's expert team.",WARN
/blockchain-development-services,/blockchain-development-services,og:image,https://framerusercontent.com/assets/b3AOnqyGGgTl8jm8scRPoJgQ.svg,https://spacedev.io/images/og-default.png,WARN
/blockchain-development-services,/blockchain-development-services,h1,Advanced Blockchain Development Services,Blockchain Development Services Built for Real Business Outcomes,WARN
/blockchain-development-services/asset-tokenization,/blockchain-development-services/asset-tokenization,title,Asset Tokenization Platform Development for Real World Assets,Asset Tokenization Development Services for Web3 Projects,REVIEW
/blockchain-development-services/asset-tokenization,/blockchain-development-services/asset-tokenization,description,"SpaceDev delivers end-to-end blockchain development services. We combine technical research, consulting, and app development to create transparent and efficient business solutions.","Tokenize real-world assets: real estate, commodities, securities, and fixed income. Issuance, lifecycle, custody, and secondary markets, end to end.",REVIEW
/blockchain-development-services/asset-tokenization,/blockchain-development-services/asset-tokenization,canonical,https://spacedev.io/blockchain-development-services/asset-tokenization,https://spacedev.io/blockchain-development-services/asset-tokenization/,INFO
/blockchain-development-services/asset-tokenization,/blockchain-development-services/asset-tokenization,og:title,Asset Tokenization Platform Development for Real World Assets,Asset Tokenization Development Services for Web3 Projects,WARN
/blockchain-development-services/asset-tokenization,/blockchain-development-services/asset-tokenization,og:description,"SpaceDev delivers end-to-end blockchain development services. We combine technical research, consulting, and app development to create transparent and efficient business solutions.","Tokenize real-world assets: real estate, commodities, securities, and fixed income. Issuance, lifecycle, custody, and secondary markets, end to end.",WARN
/blockchain-development-services/asset-tokenization,/blockchain-development-services/asset-tokenization,og:image,https://framerusercontent.com/assets/b3AOnqyGGgTl8jm8scRPoJgQ.svg,https://spacedev.io/images/og-default.png,WARN
/blockchain-development-services/blockchain-for-banks,/blockchain-development-services/blockchain-for-banks,title,DApp Development Services - Custom Blockchain & Web3 DApps,Blockchain Development for Banks & Financial Institutions,REVIEW
/blockchain-development-services/blockchain-for-banks,/blockchain-development-services/blockchain-for-banks,description,"SpaceDev delivers end-to-end blockchain development services. We combine technical research, consulting, and app development to create transparent and efficient business solutions.","Compliant blockchain and tokenization solutions for banks, fintechs, and asset managers. Programmable money, settlement, and digital asset custody.",REVIEW
/blockchain-development-services/blockchain-for-banks,/blockchain-development-services/blockchain-for-banks,canonical,https://spacedev.io/blockchain-development-services/blockchain-for-banks,https://spacedev.io/blockchain-development-services/blockchain-for-banks/,INFO
/blockchain-development-services/blockchain-for-banks,/blockchain-development-services/blockchain-for-banks,og:title,DApp Development Services - Custom Blockchain & Web3 DApps,Blockchain Development for Banks & Financial Institutions,WARN
/blockchain-development-services/blockchain-for-banks,/blockchain-development-services/blockchain-for-banks,og:description,"SpaceDev delivers end-to-end blockchain development services. We combine technical research, consulting, and app development to create transparent and efficient business solutions.","Compliant blockchain and tokenization solutions for banks, fintechs, and asset managers. Programmable money, settlement, and digital asset custody.",WARN
/blockchain-development-services/blockchain-for-banks,/blockchain-development-services/blockchain-for-banks,og:image,https://framerusercontent.com/assets/b3AOnqyGGgTl8jm8scRPoJgQ.svg,https://spacedev.io/images/og-default.png,WARN
/blockchain-development-services/blockchain-partner,/blockchain-development-services/blockchain-partner,title,"Blockchain Partner for Agencies: Strategy, Infrastructure and Support",White-Label Blockchain Solutions for Agencies & Resellers,REVIEW
/blockchain-development-services/blockchain-partner,/blockchain-development-services/blockchain-partner,description,"SpaceDev delivers end-to-end blockchain development services. We combine technical research, consulting, and app development to create transparent and efficient business solutions.","Partner with SpaceDev for white-label blockchain development. Expand your agency's offering, protect your margins, and ship Web3 projects with confidence.",REVIEW
/blockchain-development-services/blockchain-partner,/blockchain-development-services/blockchain-partner,canonical,https://spacedev.io/blockchain-development-services/blockchain-partner,https://spacedev.io/blockchain-development-services/blockchain-partner/,INFO
/blockchain-development-services/blockchain-partner,/blockchain-development-services/blockchain-partner,og:title,"Blockchain Partner for Agencies: Strategy, Infrastructure and Support",White-Label Blockchain Solutions for Agencies & Resellers,WARN
/blockchain-development-services/blockchain-partner,/blockchain-development-services/blockchain-partner,og:description,"SpaceDev delivers end-to-end blockchain development services. We combine technical research, consulting, and app development to create transparent and efficient business solutions.","Partner with SpaceDev for white-label blockchain development. Expand your agency's offering, protect your margins, and ship Web3 projects with confidence.",WARN
/blockchain-development-services/blockchain-partner,/blockchain-development-services/blockchain-partner,og:image,https://framerusercontent.com/assets/b3AOnqyGGgTl8jm8scRPoJgQ.svg,https://spacedev.io/images/og-default.png,WARN
/blockchain-development-services/blockchain-partner,/blockchain-development-services/blockchain-partner,h1,A Blockchain Partner for agencies,A Blockchain Partner for Agencies,INFO
/blockchain-development-services/dapp-development,/blockchain-development-services/dapp-development,title,DApp Development Services - Custom Blockchain & Web3 DApps,Custom dApp Development Services for Web3 & Enterprises,REVIEW
/blockchain-development-services/dapp-development,/blockchain-development-services/dapp-development,description,"SpaceDev delivers end-to-end blockchain development services. We combine technical research, consulting, and app development to create transparent and efficient business solutions.","Custom decentralized application development for Web3. SpaceDev designs, builds, and scales secure, production-ready dApps aligned with your business goals.",REVIEW
/blockchain-development-services/dapp-development,/blockchain-development-services/dapp-development,canonical,https://spacedev.io/blockchain-development-services/dapp-development,https://spacedev.io/blockchain-development-services/dapp-development/,INFO
/blockchain-development-services/dapp-development,/blockchain-development-services/dapp-development,og:title,DApp Development Services - Custom Blockchain & Web3 DApps,Custom dApp Development Services for Web3 & Enterprises,WARN
/blockchain-development-services/dapp-development,/blockchain-development-services/dapp-development,og:description,"SpaceDev delivers end-to-end blockchain development services. We combine technical research, consulting, and app development to create transparent and efficient business solutions.","Custom decentralized application development for Web3. SpaceDev designs, builds, and scales secure, production-ready dApps aligned with your business goals.",WARN
/blockchain-development-services/dapp-development,/blockchain-development-services/dapp-development,og:image,https://framerusercontent.com/assets/b3AOnqyGGgTl8jm8scRPoJgQ.svg,https://spacedev.io/images/og-default.png,WARN
/blockchain-development-services/smart-contract-development,/blockchain-development-services/smart-contract-development,title,Smart Contract Development Company - Secure Blockchain Experts,"Smart Contract Development, Audit-Ready & Production-Grade",REVIEW
/blockchain-development-services/smart-contract-development,/blockchain-development-services/smart-contract-development,description,"SpaceDev delivers end-to-end blockchain development services. We combine technical research, consulting, and app development to create transparent and efficient business solutions.","Audited, gas-optimized smart contracts on Ethereum, Aptos, Solana and other ecosystems. From token standards to complex DeFi protocols.",REVIEW
/blockchain-development-services/smart-contract-development,/blockchain-development-services/smart-contract-development,canonical,https://spacedev.io/blockchain-development-services/smart-contract-development,https://spacedev.io/blockchain-development-services/smart-contract-development/,INFO
/blockchain-development-services/smart-contract-development,/blockchain-development-services/smart-contract-development,og:title,Smart Contract Development Company - Secure Blockchain Experts,"Smart Contract Development, Audit-Ready & Production-Grade",WARN
/blockchain-development-services/smart-contract-development,/blockchain-development-services/smart-contract-development,og:description,"SpaceDev delivers end-to-end blockchain development services. We combine technical research, consulting, and app development to create transparent and efficient business solutions.","Audited, gas-optimized smart contracts on Ethereum, Aptos, Solana and other ecosystems. From token standards to complex DeFi protocols.",WARN
/blockchain-development-services/smart-contract-development,/blockchain-development-services/smart-contract-development,og:image,https://framerusercontent.com/assets/b3AOnqyGGgTl8jm8scRPoJgQ.svg,https://spacedev.io/images/og-default.png,WARN
/blockchain-development-services/smart-contract-development,/blockchain-development-services/smart-contract-development,h1,DApp Development Services,Smart Contract Development,WARN
/blog,/blog,title,Blog SpaceDev | SpaceDev,"Web3, Blockchain & Software Insights | SpaceDev Blog",REVIEW
/blog,/blog,description,"Dive into the SpaceDev blog for insights on AI, blockchain, and software development. Stay updated with expert articles, industry trends, and tech news.","Practical articles from the SpaceDev engineering team: blockchain trends, smart contract security, product discovery, and the technologies shaping Web3.",REVIEW
/blog,/blog,canonical,https://spacedev.io/blog,https://spacedev.io/blog/,INFO
/blog,/blog,og:title,Blog SpaceDev | SpaceDev,"Web3, Blockchain & Software Insights | SpaceDev Blog",WARN
/blog,/blog,og:description,"Dive into the SpaceDev blog for insights on AI, blockchain, and software development. Stay updated with expert articles, industry trends, and tech news.","Practical articles from the SpaceDev engineering team: blockchain trends, smart contract security, product discovery, and the technologies shaping Web3.",WARN
/blog,/blog,og:image,https://framerusercontent.com/assets/KD9R4h94YxLSpWDK8gSxftGd7U.svg,https://spacedev.io/images/og-default.png,WARN
/blog,/blog,h1,Space Blog!,Practical articles from the engineering floor,WARN
/careers,/careers,title,Careers | SpaceDev,Careers at SpaceDev | Join Our Remote Engineering Team,REVIEW
/careers,/careers,description,"Join our team and shape the future of technology. Explore opportunities and be part of a dynamic, innovative group driving change.","Join SpaceDev, a top-5 Clutch blockchain company. Open remote roles in Web3, full-stack, and mobile engineering with global mentorship and benefits.",REVIEW
/careers,/careers,canonical,https://spacedev.io/careers,https://spacedev.io/careers/,INFO
/careers,/careers,og:title,Careers | SpaceDev,Careers at SpaceDev | Join Our Remote Engineering Team,WARN
/careers,/careers,og:description,"Join our team and shape the future of technology. Explore opportunities and be part of a dynamic, innovative group driving change.","Join SpaceDev, a top-5 Clutch blockchain company. Open remote roles in Web3, full-stack, and mobile engineering with global mentorship and benefits.",WARN
/careers,/careers,og:image,https://framerusercontent.com/assets/KD9R4h94YxLSpWDK8gSxftGd7U.svg,https://spacedev.io/images/og-default.png,WARN
/case-study/acme,/case-study/acme,title,ACME,ACME: Web3 Loyalty Points Platform Built on Blockchain,REVIEW
/case-study/acme,/case-study/acme,description,Turn loyalty points into currency with just a tap!,"SpaceDev upgraded ACME's Web3 loyalty platform with multi-chain blockchain development, enabling one-tap crypto payments, NFTs, and smart contracts.",REVIEW
/case-study/acme,/case-study/acme,canonical,https://spacedev.io/case-study/acme,https://spacedev.io/case-study/acme/,INFO
/case-study/acme,/case-study/acme,og:title,ACME,ACME: Web3 Loyalty Points Platform Built on Blockchain,WARN
/case-study/acme,/case-study/acme,og:description,Turn loyalty points into currency with just a tap!,"SpaceDev upgraded ACME's Web3 loyalty platform with multi-chain blockchain development, enabling one-tap crypto payments, NFTs, and smart contracts.",WARN
/case-study/acme,/case-study/acme,og:image,https://framerusercontent.com/images/G6FrxHO2dL9IcgUw5RwkUELN6g.png,https://spacedev.io/images/case-studies/acme/acme_.png,WARN
/case-study/apebond,/case-study/apebond,title,ApeBond,ApeBond: Solana DeFi Development & Protocol Integration,REVIEW
/case-study/apebond,/case-study/apebond,description,On-Chain OTC Marketplace. The best way to buy and sell tokens.,"SpaceDev expanded ApeBond's on-chain OTC marketplace to Solana, building a Rust program, TypeScript SDK, and cross-chain DeFi frontend with audit support.",REVIEW
/case-study/apebond,/case-study/apebond,canonical,https://spacedev.io/case-study/apebond,https://spacedev.io/case-study/apebond/,INFO
/case-study/apebond,/case-study/apebond,og:title,ApeBond,ApeBond: Solana DeFi Development & Protocol Integration,WARN
/case-study/apebond,/case-study/apebond,og:description,On-Chain OTC Marketplace. The best way to buy and sell tokens.,"SpaceDev expanded ApeBond's on-chain OTC marketplace to Solana, building a Rust program, TypeScript SDK, and cross-chain DeFi frontend with audit support.",WARN
/case-study/apebond,/case-study/apebond,og:image,https://framerusercontent.com/images/G6FrxHO2dL9IcgUw5RwkUELN6g.png,https://spacedev.io/images/case-studies/apebond/apebond_.png,WARN
/case-study/athleteai,/case-study/athleteai,title,AthleteAI,AthleteAI: AI-Powered Sports Highlights App Development,REVIEW
/case-study/athleteai,/case-study/athleteai,description,"Capture, create, and share basketball highlights to get noticed worldwide. Perfect for players, coaches, parents, and fans!","SpaceDev built AthleteAI's iOS app in four months: React Native video capture, highlight reels, and Mux streaming, used at live basketball tournaments.",REVIEW
/case-study/athleteai,/case-study/athleteai,canonical,https://spacedev.io/case-study/athleteai,https://spacedev.io/case-study/athleteai/,INFO
/case-study/athleteai,/case-study/athleteai,og:title,AthleteAI,AthleteAI: AI-Powered Sports Highlights App Development,WARN
/case-study/athleteai,/case-study/athleteai,og:description,"Capture, create, and share basketball highlights to get noticed worldwide. Perfect for players, coaches, parents, and fans!","SpaceDev built AthleteAI's iOS app in four months: React Native video capture, highlight reels, and Mux streaming, used at live basketball tournaments.",WARN
/case-study/athleteai,/case-study/athleteai,og:image,https://framerusercontent.com/images/G6FrxHO2dL9IcgUw5RwkUELN6g.png,https://spacedev.io/images/case-studies/athleteai/athleteai_.png,WARN
/case-study/blockchain-for-energy,/case-study/blockchain-for-energy,title,Blockchain For Energy (B4E),Blockchain For Energy (B4E): Hedera DLT Case Study,REVIEW
/case-study/blockchain-for-energy,/case-study/blockchain-for-energy,canonical,https://spacedev.io/case-study/blockchain-for-energy,https://spacedev.io/case-study/blockchain-for-energy/,INFO
/case-study/blockchain-for-energy,/case-study/blockchain-for-energy,og:title,Blockchain For Energy (B4E),Blockchain For Energy (B4E): Hedera DLT Case Study,WARN
/case-study/blockchain-for-energy,/case-study/blockchain-for-energy,og:image,https://framerusercontent.com/images/G6FrxHO2dL9IcgUw5RwkUELN6g.png,https://spacedev.io/images/case-studies/blockchain-for-energy/blockchain-for-energy_.png,WARN
/case-study/blockus,/case-study/blockus,title,Blockus,Blockus: Web3 Gaming Infrastructure & Wallet Integration,REVIEW
/case-study/blockus,/case-study/blockus,description,"Backed by a16z, Built for the Future of Web3 Gaming","SpaceDev built Blockus's Web3 gaming platform: NFT management API, instant wallets, gasless transactions, and Stripe payments for blockchain game economies.",REVIEW
/case-study/blockus,/case-study/blockus,canonical,https://spacedev.io/case-study/blockus,https://spacedev.io/case-study/blockus/,INFO
/case-study/blockus,/case-study/blockus,og:title,Blockus,Blockus: Web3 Gaming Infrastructure & Wallet Integration,WARN
/case-study/blockus,/case-study/blockus,og:description,"Backed by a16z, Built for the Future of Web3 Gaming","SpaceDev built Blockus's Web3 gaming platform: NFT management API, instant wallets, gasless transactions, and Stripe payments for blockchain game economies.",WARN
/case-study/blockus,/case-study/blockus,og:image,https://framerusercontent.com/images/G6FrxHO2dL9IcgUw5RwkUELN6g.png,https://spacedev.io/images/case-studies/blockus/blockus_.png,WARN
/case-study/bondi-finance,/case-study/bondi-finance,title,Bondi Finance,"Bondi Finance: Bond Tokenization on DeFi, Case Study",REVIEW
/case-study/bondi-finance,/case-study/bondi-finance,description,"Bridging traditional finance and Web3, making real-world assets accessible to all.","SpaceDev built Bondi Finance's smart contract infrastructure from scratch: KYC-gated bond tokenization, USDC funding, and NFT rewards bridging TradFi and DeFi.",REVIEW
/case-study/bondi-finance,/case-study/bondi-finance,canonical,https://spacedev.io/case-study/bondi-finance,https://spacedev.io/case-study/bondi-finance/,INFO
/case-study/bondi-finance,/case-study/bondi-finance,og:title,Bondi Finance,"Bondi Finance: Bond Tokenization on DeFi, Case Study",WARN
/case-study/bondi-finance,/case-study/bondi-finance,og:description,"Bridging traditional finance and Web3, making real-world assets accessible to all.","SpaceDev built Bondi Finance's smart contract infrastructure from scratch: KYC-gated bond tokenization, USDC funding, and NFT rewards bridging TradFi and DeFi.",WARN
/case-study/bondi-finance,/case-study/bondi-finance,og:image,https://framerusercontent.com/images/G6FrxHO2dL9IcgUw5RwkUELN6g.png,https://spacedev.io/images/case-studies/bondi-finance/bondi-finance_.png,WARN
/case-study/drata,/case-study/drata,title,Drata,Drata: Compliance Automation Platform Development,REVIEW
/case-study/drata,/case-study/drata,description,On a Mission to Build Trust Across the Cloud.,"SpaceDev partnered with Drata for 4+ years, rebuilding the cross-platform compliance Agent and Audit Hub powering automated security compliance in the cloud.",REVIEW
/case-study/drata,/case-study/drata,canonical,https://spacedev.io/case-study/drata,https://spacedev.io/case-study/drata/,INFO
/case-study/drata,/case-study/drata,og:title,Drata,Drata: Compliance Automation Platform Development,WARN
/case-study/drata,/case-study/drata,og:description,On a Mission to Build Trust Across the Cloud.,"SpaceDev partnered with Drata for 4+ years, rebuilding the cross-platform compliance Agent and Audit Hub powering automated security compliance in the cloud.",WARN
/case-study/drata,/case-study/drata,og:image,https://framerusercontent.com/images/G6FrxHO2dL9IcgUw5RwkUELN6g.png,https://spacedev.io/images/case-studies/drata/drata_.png,WARN
/case-study/fightfi,/case-study/fightfi,title,FightFI,FightFi: GameFi dApp Built on Aptos Blockchain,REVIEW
/case-study/fightfi,/case-study/fightfi,description,The ultimate fight-fan experience.,"SpaceDev built FightFI's gamified Web3 platform on Aptos: dApp development with NFT rewards, smart contracts, wallet auth, and real-time fan leaderboards.",REVIEW
/case-study/fightfi,/case-study/fightfi,canonical,https://spacedev.io/case-study/fightfi,https://spacedev.io/case-study/fightfi/,INFO
/case-study/fightfi,/case-study/fightfi,og:title,FightFI,FightFi: GameFi dApp Built on Aptos Blockchain,WARN
/case-study/fightfi,/case-study/fightfi,og:description,The ultimate fight-fan experience.,"SpaceDev built FightFI's gamified Web3 platform on Aptos: dApp development with NFT rewards, smart contracts, wallet auth, and real-time fan leaderboards.",WARN
/case-study/fightfi,/case-study/fightfi,og:image,https://framerusercontent.com/images/G6FrxHO2dL9IcgUw5RwkUELN6g.png,https://spacedev.io/images/case-studies/fightfi/fightfi_.png,WARN
/case-study/gallery,/case-study/gallery,title,Gallery,Gallery: NFT Art Marketplace Platform Development,REVIEW
/case-study/gallery,/case-study/gallery,description,The best way to showcase your (NFT) art.,"SpaceDev delivered Gallery's NFT platform in five months: Solidity smart contracts, NestJS API, and React frontend making crypto art easy to collect and trade.",REVIEW
/case-study/gallery,/case-study/gallery,canonical,https://spacedev.io/case-study/gallery,https://spacedev.io/case-study/gallery/,INFO
/case-study/gallery,/case-study/gallery,og:title,Gallery,Gallery: NFT Art Marketplace Platform Development,WARN
/case-study/gallery,/case-study/gallery,og:description,The best way to showcase your (NFT) art.,"SpaceDev delivered Gallery's NFT platform in five months: Solidity smart contracts, NestJS API, and React frontend making crypto art easy to collect and trade.",WARN
/case-study/gallery,/case-study/gallery,og:image,https://framerusercontent.com/images/G6FrxHO2dL9IcgUw5RwkUELN6g.png,https://spacedev.io/images/case-studies/gallery/gallery_.png,WARN
/case-study/genba,/case-study/genba,title,Genba,Genba: Factory Automation MVP Built for Manufacturing,REVIEW
/case-study/genba,/case-study/genba,description,Driving Innovation in Latin America through Automation.,"SpaceDev ran a discovery sprint and built Genba's Paretto palletizing platform in two months, letting factory operators configure robotic workflows code-free.",REVIEW
/case-study/genba,/case-study/genba,canonical,https://spacedev.io/case-study/genba,https://spacedev.io/case-study/genba/,INFO
/case-study/genba,/case-study/genba,og:title,Genba,Genba: Factory Automation MVP Built for Manufacturing,WARN
/case-study/genba,/case-study/genba,og:description,Driving Innovation in Latin America through Automation.,"SpaceDev ran a discovery sprint and built Genba's Paretto palletizing platform in two months, letting factory operators configure robotic workflows code-free.",WARN
/case-study/genba,/case-study/genba,og:image,https://framerusercontent.com/images/G6FrxHO2dL9IcgUw5RwkUELN6g.png,https://spacedev.io/images/case-studies/genba/genba_.png,WARN
/case-study/glowy-music,/case-study/glowy-music,title,Glowy Music,Glowy Music: Web2 Streaming Platform Development,REVIEW
/case-study/glowy-music,/case-study/glowy-music,description,Enjoy music and connect with your favorite artists.,"Connecting music fans with artists, events, and the industry they love.",REVIEW
/case-study/glowy-music,/case-study/glowy-music,canonical,https://spacedev.io/case-study/glowy-music,https://spacedev.io/case-study/glowy-music/,INFO
/case-study/glowy-music,/case-study/glowy-music,og:title,Glowy Music,Glowy Music: Web2 Streaming Platform Development,WARN
/case-study/glowy-music,/case-study/glowy-music,og:description,Enjoy music and connect with your favorite artists.,"Connecting music fans with artists, events, and the industry they love.",WARN
/case-study/glowy-music,/case-study/glowy-music,og:image,https://framerusercontent.com/images/G6FrxHO2dL9IcgUw5RwkUELN6g.png,https://spacedev.io/images/case-studies/glowy-music/glowy-music_.webp,WARN
/case-study/iaffirm,/case-study/iaffirm,title,iAffirm,iAffirm: AI Mental Wellness Web App Development,REVIEW
/case-study/iaffirm,/case-study/iaffirm,description,Tap into the potential of your subconscious mind with this cutting-edge platform.,"SpaceDev built iAffirm's AI integration and product foundation: personalized affirmations, visualizations, and guided meditations with Python and Nest.js.",REVIEW
/case-study/iaffirm,/case-study/iaffirm,canonical,https://spacedev.io/case-study/iaffirm,https://spacedev.io/case-study/iaffirm/,INFO
/case-study/iaffirm,/case-study/iaffirm,og:title,iAffirm,iAffirm: AI Mental Wellness Web App Development,WARN
/case-study/iaffirm,/case-study/iaffirm,og:description,Tap into the potential of your subconscious mind with this cutting-edge platform.,"SpaceDev built iAffirm's AI integration and product foundation: personalized affirmations, visualizations, and guided meditations with Python and Nest.js.",WARN
/case-study/iaffirm,/case-study/iaffirm,og:image,https://framerusercontent.com/images/G6FrxHO2dL9IcgUw5RwkUELN6g.png,https://spacedev.io/images/case-studies/iaffirm/iaffirm_.webp,WARN
/case-study/mostaza,/case-study/mostaza,title,Mostaza,Mostaza: Restaurant Tech Platform Development Case Study,REVIEW
/case-study/mostaza,/case-study/mostaza,description,Bridge the gap between traditional financial services and the benefits of Web3 technology.,Bringing Web3-powered financial tools to everyday users across Latin America.,REVIEW
/case-study/mostaza,/case-study/mostaza,canonical,https://spacedev.io/case-study/mostaza,https://spacedev.io/case-study/mostaza/,INFO
/case-study/mostaza,/case-study/mostaza,og:title,Mostaza,Mostaza: Restaurant Tech Platform Development Case Study,WARN
/case-study/mostaza,/case-study/mostaza,og:description,Bridge the gap between traditional financial services and the benefits of Web3 technology.,Bringing Web3-powered financial tools to everyday users across Latin America.,WARN
/case-study/mostaza,/case-study/mostaza,og:image,https://framerusercontent.com/images/G6FrxHO2dL9IcgUw5RwkUELN6g.png,https://spacedev.io/images/case-studies/mostaza/mostaza_.png,WARN
/case-study/ndax-canada,/case-study/ndax-canada,title,National Digital Asset Exchange (NDAX),NDAX Canada: Crypto Exchange Platform Built to Scale,REVIEW
/case-study/ndax-canada,/case-study/ndax-canada,description,Welcome to Canada’s first officially endorsed cryptocurrency exchange platform.,"SpaceDev built NDAX's frontend and React Native crypto exchange app with AlphaPoint banking integration, quadrupling signups and lifting verification to 80%.",REVIEW
/case-study/ndax-canada,/case-study/ndax-canada,canonical,https://spacedev.io/case-study/ndax-canada,https://spacedev.io/case-study/ndax-canada/,INFO
/case-study/ndax-canada,/case-study/ndax-canada,og:title,National Digital Asset Exchange (NDAX),NDAX Canada: Crypto Exchange Platform Built to Scale,WARN
/case-study/ndax-canada,/case-study/ndax-canada,og:description,Welcome to Canada’s first officially endorsed cryptocurrency exchange platform.,"SpaceDev built NDAX's frontend and React Native crypto exchange app with AlphaPoint banking integration, quadrupling signups and lifting verification to 80%.",WARN
/case-study/ndax-canada,/case-study/ndax-canada,og:image,https://framerusercontent.com/images/G6FrxHO2dL9IcgUw5RwkUELN6g.png,https://spacedev.io/images/case-studies/ndax-canada/ndax-canada_.png,WARN
/case-study/ndax-canada,/case-study/ndax-canada,h1,National Digital Asset Exchange (NDAX),NDAX Canada,WARN
/case-study/nga,/case-study/nga,title,Next Great Adventure (NGA),NGA: EdTech Learning Platform & Mobile App Development,REVIEW
/case-study/nga,/case-study/nga,description,A website and mobile app containing the Acton School of Business’s life-transforming courses.,"SpaceDev built NGA's EdTech platform with the Acton School of Business: React Native app, website, and real-time sync backend serving 26 interactive courses.",REVIEW
/case-study/nga,/case-study/nga,canonical,https://spacedev.io/case-study/nga,https://spacedev.io/case-study/nga/,INFO
/case-study/nga,/case-study/nga,og:title,Next Great Adventure (NGA),NGA: EdTech Learning Platform & Mobile App Development,WARN
/case-study/nga,/case-study/nga,og:description,A website and mobile app containing the Acton School of Business’s life-transforming courses.,"SpaceDev built NGA's EdTech platform with the Acton School of Business: React Native app, website, and real-time sync backend serving 26 interactive courses.",WARN
/case-study/nga,/case-study/nga,og:image,https://framerusercontent.com/images/G6FrxHO2dL9IcgUw5RwkUELN6g.png,https://spacedev.io/images/case-studies/nga/nga_.png,WARN
/case-study/nga,/case-study/nga,h1,Next Great Adventure (NGA),NGA,WARN
/case-study/piggygpt,/case-study/piggygpt,title,PiggyGPT,PiggyGPT: AI-Driven DeFi Trading Platform Development,REVIEW
/case-study/piggygpt,/case-study/piggygpt,description,A revolution in decentralized trading through AI and automation.,"SpaceDev built PiggyGPT's AI-powered DeFi trading assistant for the EVM ecosystem: Telegram trading, cross-chain swaps, and wallets for 10,000+ testnet users.",REVIEW
/case-study/piggygpt,/case-study/piggygpt,canonical,https://spacedev.io/case-study/piggygpt,https://spacedev.io/case-study/piggygpt/,INFO
/case-study/piggygpt,/case-study/piggygpt,og:title,PiggyGPT,PiggyGPT: AI-Driven DeFi Trading Platform Development,WARN
/case-study/piggygpt,/case-study/piggygpt,og:description,A revolution in decentralized trading through AI and automation.,"SpaceDev built PiggyGPT's AI-powered DeFi trading assistant for the EVM ecosystem: Telegram trading, cross-chain swaps, and wallets for 10,000+ testnet users.",WARN
/case-study/piggygpt,/case-study/piggygpt,og:image,https://framerusercontent.com/images/G6FrxHO2dL9IcgUw5RwkUELN6g.png,https://spacedev.io/images/case-studies/piggygpt/piggygpt_.png,WARN
/case-study/rarible,/case-study/rarible,title,Rarible,Rarible: NFT Marketplace Development & Protocol Work,REVIEW
/case-study/rarible,/case-study/rarible,description,The NFT Company. OG Marketplace. NFT Infrastructure for builders. Vertical marketplaces for brands.,The NFT Company. OG Marketplace. NFT infrastructure for builders. Vertical marketplaces for brands.,INFO
/case-study/rarible,/case-study/rarible,canonical,https://spacedev.io/case-study/rarible,https://spacedev.io/case-study/rarible/,INFO
/case-study/rarible,/case-study/rarible,og:title,Rarible,Rarible: NFT Marketplace Development & Protocol Work,WARN
/case-study/rarible,/case-study/rarible,og:description,The NFT Company. OG Marketplace. NFT Infrastructure for builders. Vertical marketplaces for brands.,The NFT Company. OG Marketplace. NFT infrastructure for builders. Vertical marketplaces for brands.,INFO
/case-study/rarible,/case-study/rarible,og:image,https://framerusercontent.com/images/G6FrxHO2dL9IcgUw5RwkUELN6g.png,https://spacedev.io/images/case-studies/rarible/rarible_.png,WARN
/case-study/twispi,/case-study/twispi,title,Twispi,Twispi: Social Discovery App Development Case Study,REVIEW
/case-study/twispi,/case-study/twispi,description,An all-in-one platform boosting employee financial/work wellness and giving businesses deep workforce insights.,An all-in-one HR and financial wellness platform built for the modern workforce in Mexico.,REVIEW
/case-study/twispi,/case-study/twispi,canonical,https://spacedev.io/case-study/twispi,https://spacedev.io/case-study/twispi/,INFO
/case-study/twispi,/case-study/twispi,og:title,Twispi,Twispi: Social Discovery App Development Case Study,WARN
/case-study/twispi,/case-study/twispi,og:description,An all-in-one platform boosting employee financial/work wellness and giving businesses deep workforce insights.,An all-in-one HR and financial wellness platform built for the modern workforce in Mexico.,WARN
/case-study/twispi,/case-study/twispi,og:image,https://framerusercontent.com/images/G6FrxHO2dL9IcgUw5RwkUELN6g.png,https://spacedev.io/images/case-studies/twispi/twispi_.png,WARN
/case-study/ubicuity,/case-study/ubicuity,title,Ubicuity,Ubicuity: Interactive Digital Spaces Platform Development,REVIEW
/case-study/ubicuity,/case-study/ubicuity,description,Bring your spaces to life with interactive digital experiences.,"SpaceDev built Ubicuity's frontend tooling: a Figma-like visual designer, code editor, and React Native app powering digital experiences at museums and fairs.",REVIEW
/case-study/ubicuity,/case-study/ubicuity,canonical,https://spacedev.io/case-study/ubicuity,https://spacedev.io/case-study/ubicuity/,INFO
/case-study/ubicuity,/case-study/ubicuity,og:title,Ubicuity,Ubicuity: Interactive Digital Spaces Platform Development,WARN
/case-study/ubicuity,/case-study/ubicuity,og:description,Bring your spaces to life with interactive digital experiences.,"SpaceDev built Ubicuity's frontend tooling: a Figma-like visual designer, code editor, and React Native app powering digital experiences at museums and fairs.",WARN
/case-study/ubicuity,/case-study/ubicuity,og:image,https://framerusercontent.com/images/G6FrxHO2dL9IcgUw5RwkUELN6g.png,https://spacedev.io/images/case-studies/ubicuity/ubicuity_.png,WARN
/case-study/w3e,/case-study/w3e,title,W3E Gaming Launchpad,"W3E: Web3 Gaming Launchpad for IDOs, Case Study",REVIEW
/case-study/w3e,/case-study/w3e,description,A smart web3 platform that allows users to make hassle-free investments within W3E’s ecosystem.,"SpaceDev built W3E's Web3 gaming launchpad: cross-chain smart contracts, IDO and INO participation flows, staking, and analytics for blockchain gaming fans.",REVIEW
/case-study/w3e,/case-study/w3e,canonical,https://spacedev.io/case-study/w3e,https://spacedev.io/case-study/w3e/,INFO
/case-study/w3e,/case-study/w3e,og:title,W3E Gaming Launchpad,"W3E: Web3 Gaming Launchpad for IDOs, Case Study",WARN
/case-study/w3e,/case-study/w3e,og:description,A smart web3 platform that allows users to make hassle-free investments within W3E’s ecosystem.,"SpaceDev built W3E's Web3 gaming launchpad: cross-chain smart contracts, IDO and INO participation flows, staking, and analytics for blockchain gaming fans.",WARN
/case-study/w3e,/case-study/w3e,og:image,https://framerusercontent.com/images/G6FrxHO2dL9IcgUw5RwkUELN6g.png,https://spacedev.io/images/case-studies/w3e/w3e_.png,WARN
/case-study/w3e,/case-study/w3e,h1,W3E Gaming Launchpad,W3E,WARN
/contact,/contact,title,Contact | SpaceDev,Contact SpaceDev | Blockchain & Web3 Development Experts,REVIEW
/contact,/contact,description,"Have questions or need assistance? Contact SpaceDev today! We're here to help with inquiries about our services, partnerships, or anything tech-related.","Tell us about your project. Get a free 30-minute consultation with a SpaceDev engineer. Offices in Miami, Montevideo, Buenos Aires, and Medellín.",REVIEW
/contact,/contact,canonical,https://spacedev.io/contact,https://spacedev.io/contact/,INFO
/contact,/contact,og:title,Contact | SpaceDev,Contact SpaceDev | Blockchain & Web3 Development Experts,WARN
/contact,/contact,og:description,"Have questions or need assistance? Contact SpaceDev today! We're here to help with inquiries about our services, partnerships, or anything tech-related.","Tell us about your project. Get a free 30-minute consultation with a SpaceDev engineer. Offices in Miami, Montevideo, Buenos Aires, and Medellín.",WARN
/contact,/contact,og:image,https://framerusercontent.com/assets/KD9R4h94YxLSpWDK8gSxftGd7U.svg,https://spacedev.io/images/og-default.png,WARN
/digital-library,/digital-library,title,Resources | SpaceDev,"Resources | SpaceDev, Deep-Dive Insights & Reports",REVIEW
/digital-library,/digital-library,description,"Our curated library of in-depth reports is packed with expert analysis on blockchain, Web3 and beyond. Tell us a bit about yourself to download the resources you need to power your next big project.","Explore SpaceDev's deep-dive insights: guides, whitepapers, and featured contributions on blockchain, fintech, and product strategy.",REVIEW
/digital-library,/digital-library,canonical,https://spacedev.io/digital-library,https://spacedev.io/digital-library/,INFO
/digital-library,/digital-library,og:title,Resources | SpaceDev,"Resources | SpaceDev, Deep-Dive Insights & Reports",WARN
/digital-library,/digital-library,og:description,"Our curated library of in-depth reports is packed with expert analysis on blockchain, Web3 and beyond. Tell us a bit about yourself to download the resources you need to power your next big project.","Explore SpaceDev's deep-dive insights: guides, whitepapers, and featured contributions on blockchain, fintech, and product strategy.",WARN
/digital-library,/digital-library,og:image,https://framerusercontent.com/assets/KD9R4h94YxLSpWDK8gSxftGd7U.svg,https://spacedev.io/images/og-default.png,WARN
/digital-library/why-we-should-care-about-latam,/digital-library/why-we-should-care-about-latam,title,Why We Should Care About LATAM - SpaceDev,Why LATAM Matters for Blockchain & Web3 Development,REVIEW
/digital-library/why-we-should-care-about-latam,/digital-library/why-we-should-care-about-latam,description,"Unlock the future of technology with SpaceDev. We specialize in cutting-edge software development, AI integration, blockchain solutions, and more. Discover how we can elevate your business.",An in-depth look at why Latin America is one of the most exciting emerging tech markets — and what it means for global software development.,REVIEW
/digital-library/why-we-should-care-about-latam,/digital-library/why-we-should-care-about-latam,canonical,https://spacedev.io/digital-library/why-we-should-care-about-latam,https://spacedev.io/digital-library/why-we-should-care-about-latam/,INFO
/digital-library/why-we-should-care-about-latam,/digital-library/why-we-should-care-about-latam,og:title,Why We Should Care About LATAM - SpaceDev,Why LATAM Matters for Blockchain & Web3 Development,WARN
/digital-library/why-we-should-care-about-latam,/digital-library/why-we-should-care-about-latam,og:description,"Unlock the future of technology with SpaceDev. We specialize in cutting-edge software development, AI integration, blockchain solutions, and more. Discover how we can elevate your business.",An in-depth look at why Latin America is one of the most exciting emerging tech markets — and what it means for global software development.,WARN
/digital-library/why-we-should-care-about-latam,/digital-library/why-we-should-care-about-latam,og:image,https://framerusercontent.com/images/G6FrxHO2dL9IcgUw5RwkUELN6g.png,https://spacedev.io/images/og-default.png,WARN
/digital-library/why-we-should-care-about-latam,/digital-library/why-we-should-care-about-latam,h1,(ausente),Why We Should Care About LATAM,WARN
/events-calendar,/events-calendar,title,Events Calendar | SpaceDev,"Blockchain, AI & FinTech Events Calendar 2026",REVIEW
/events-calendar,/events-calendar,description,"Stay updated on global tech events! Explore our calendar for upcoming webinars, hackathons, and tech talks covering the latest trends in technology.","International blockchain, crypto, AI and fintech events in 2026. Browse month by month.",REVIEW
/events-calendar,/events-calendar,canonical,https://spacedev.io/events-calendar,https://spacedev.io/events-calendar/,INFO
/events-calendar,/events-calendar,og:title,Events Calendar | SpaceDev,"Blockchain, AI & FinTech Events Calendar 2026",WARN
/events-calendar,/events-calendar,og:description,"Stay updated on global tech events! Explore our calendar for upcoming webinars, hackathons, and tech talks covering the latest trends in technology.","International blockchain, crypto, AI and fintech events in 2026. Browse month by month.",WARN
/events-calendar,/events-calendar,og:image,https://framerusercontent.com/assets/KD9R4h94YxLSpWDK8gSxftGd7U.svg,https://spacedev.io/images/og-default.png,WARN
/faqs,/faqs,title,FAQs | SpaceDev,"FAQs: Blockchain & Web3 Development, Common Questions",REVIEW
/faqs,/faqs,description,"Got questions about SpaceDev? Visit our FAQ page for answers on our services, processes, and how we can help your business grow with cutting-edge technology.","Answers to common questions about SpaceDev's blockchain and software development services, rates, processes, and how we work with clients worldwide.",REVIEW
/faqs,/faqs,canonical,https://spacedev.io/faqs,https://spacedev.io/faqs/,INFO
/faqs,/faqs,og:title,FAQs | SpaceDev,"FAQs: Blockchain & Web3 Development, Common Questions",WARN
/faqs,/faqs,og:description,"Got questions about SpaceDev? Visit our FAQ page for answers on our services, processes, and how we can help your business grow with cutting-edge technology.","Answers to common questions about SpaceDev's blockchain and software development services, rates, processes, and how we work with clients worldwide.",WARN
/faqs,/faqs,og:image,https://framerusercontent.com/assets/KD9R4h94YxLSpWDK8gSxftGd7U.svg,https://spacedev.io/images/og-default.png,WARN
/innovative-web-and-mobile-solutions,/innovative-web-and-mobile-solutions,title,Web & Mobile App Development Services - Custom Software,Custom Web & Mobile App Development Services,REVIEW
/innovative-web-and-mobile-solutions,/innovative-web-and-mobile-solutions,description,"SpaceDev is a custom software development company offering web and mobile app development services. We build fast, scalable digital products for growing businesses.","Custom software, web, and mobile app development engineered for scale. React, Next.js, React Native, and Python experts. Design, ship, and iterate.",REVIEW
/innovative-web-and-mobile-solutions,/innovative-web-and-mobile-solutions,canonical,https://spacedev.io/innovative-web-and-mobile-solutions,https://spacedev.io/innovative-web-and-mobile-solutions/,INFO
/innovative-web-and-mobile-solutions,/innovative-web-and-mobile-solutions,og:title,Web & Mobile App Development Services - Custom Software,Custom Web & Mobile App Development Services,WARN
/innovative-web-and-mobile-solutions,/innovative-web-and-mobile-solutions,og:description,"SpaceDev is a custom software development company offering web and mobile app development services. We build fast, scalable digital products for growing businesses.","Custom software, web, and mobile app development engineered for scale. React, Next.js, React Native, and Python experts. Design, ship, and iterate.",WARN
/innovative-web-and-mobile-solutions,/innovative-web-and-mobile-solutions,og:image,https://framerusercontent.com/assets/KD9R4h94YxLSpWDK8gSxftGd7U.svg,https://spacedev.io/images/og-default.png,WARN
/newsletter,/newsletter,title,newsletter,Newsletter | SpaceDev Engineering Notes,REVIEW
/newsletter,/newsletter,description,"This week in AI x Web3 x Fintech:  7 Signals, 5 minutes.","Occasional updates from the SpaceDev engineering team. Practical articles on Web3, security, and product. Roughly monthly. No spam.",REVIEW
/newsletter,/newsletter,canonical,https://spacedev.io/newsletter,https://spacedev.io/newsletter/,INFO
/newsletter,/newsletter,og:title,newsletter,Newsletter | SpaceDev Engineering Notes,WARN
/newsletter,/newsletter,og:description,"This week in AI x Web3 x Fintech:  7 Signals, 5 minutes.","Occasional updates from the SpaceDev engineering team. Practical articles on Web3, security, and product. Roughly monthly. No spam.",WARN
/newsletter,/newsletter,og:image,https://framerusercontent.com/assets/KD9R4h94YxLSpWDK8gSxftGd7U.svg,https://spacedev.io/images/og-default.png,WARN
/newsletter,/newsletter,h1,Signal > Noise #03,"Engineering notes, in your inbox",WARN
/our-work,/our-work,title,Our Work | SpaceDev,Web3 & SaaS Case Studies | Our Selected Work,REVIEW
/our-work,/our-work,description,Leverage our Web2 and Web3 development expertise. Discover how our skills and experience drive innovation across diverse industries.,"Explore 20+ case studies from SpaceDev: blockchain platforms, NFT marketplaces, fintech, gaming, and enterprise SaaS shipped with our clients.",REVIEW
/our-work,/our-work,canonical,https://spacedev.io/our-work,https://spacedev.io/our-work/,INFO
/our-work,/our-work,og:title,Our Work | SpaceDev,Web3 & SaaS Case Studies | Our Selected Work,WARN
/our-work,/our-work,og:description,Leverage our Web2 and Web3 development expertise. Discover how our skills and experience drive innovation across diverse industries.,"Explore 20+ case studies from SpaceDev: blockchain platforms, NFT marketplaces, fintech, gaming, and enterprise SaaS shipped with our clients.",WARN
/our-work,/our-work,og:image,https://framerusercontent.com/assets/KD9R4h94YxLSpWDK8gSxftGd7U.svg,https://spacedev.io/images/og-default.png,WARN
/post/a-few-thoughts-on-decentralization,/blog/a-few-thoughts-on-decentralization,title,(ausente),A Few Thoughts on Decentralization in Web3,REVIEW
/post/a-few-thoughts-on-decentralization,/blog/a-few-thoughts-on-decentralization,description,"The SpaceDev team has been very busy lately soaking up the details on all things blockchain. Juan Manuel Sobral and Elina García, two of our specialists on the matter with academic and professional...","SpaceDev explores why blockchains consistently fall short of true decentralization, the real challenges of Web3 infrastructure, and what might change that.",REVIEW
/post/a-few-thoughts-on-decentralization,/blog/a-few-thoughts-on-decentralization,canonical,https://spacedev.io/post/a-few-thoughts-on-decentralization,https://spacedev.io/blog/a-few-thoughts-on-decentralization/,INFO
/post/a-few-thoughts-on-decentralization,/blog/a-few-thoughts-on-decentralization,og:title,(ausente),A Few Thoughts on Decentralization in Web3,WARN
/post/a-few-thoughts-on-decentralization,/blog/a-few-thoughts-on-decentralization,og:description,"The SpaceDev team has been very busy lately soaking up the details on all things blockchain. Juan Manuel Sobral and Elina García, two of our specialists on the matter with academic and professional...","SpaceDev explores why blockchains consistently fall short of true decentralization, the real challenges of Web3 infrastructure, and what might change that.",WARN
/post/a-few-thoughts-on-decentralization,/blog/a-few-thoughts-on-decentralization,og:image,https://framerusercontent.com/images/G6FrxHO2dL9IcgUw5RwkUELN6g.png,https://spacedev.io/images/content/ZYFCVOnAOkZaVXWFJg9sEbfiVzs.png,WARN
/post/a-quick-guide-to-crypto-apps-exchanges-january-2024-edition,/blog/a-quick-guide-to-crypto-apps-exchanges-january-2024-edition,title,(ausente),Crypto Apps & Exchanges: January 2024 Edition Guide,REVIEW
/post/a-quick-guide-to-crypto-apps-exchanges-january-2024-edition,/blog/a-quick-guide-to-crypto-apps-exchanges-january-2024-edition,description,Welcome to our Quick Guide: Crypto Apps & Exchanges - January 2024 Edition. Navigate the rapidly evolving landscape of cryptocurrency with insights into the latest and most promising apps and...,Navigate the evolving cryptocurrency landscape with our curated guide to the most promising crypto apps and exchanges to kickstart your journey in 2024.,REVIEW
/post/a-quick-guide-to-crypto-apps-exchanges-january-2024-edition,/blog/a-quick-guide-to-crypto-apps-exchanges-january-2024-edition,canonical,https://spacedev.io/post/a-quick-guide-to-crypto-apps-exchanges-january-2024-edition,https://spacedev.io/blog/a-quick-guide-to-crypto-apps-exchanges-january-2024-edition/,INFO
/post/a-quick-guide-to-crypto-apps-exchanges-january-2024-edition,/blog/a-quick-guide-to-crypto-apps-exchanges-january-2024-edition,og:title,(ausente),Crypto Apps & Exchanges: January 2024 Edition Guide,WARN
/post/a-quick-guide-to-crypto-apps-exchanges-january-2024-edition,/blog/a-quick-guide-to-crypto-apps-exchanges-january-2024-edition,og:description,Welcome to our Quick Guide: Crypto Apps & Exchanges - January 2024 Edition. Navigate the rapidly evolving landscape of cryptocurrency with insights into the latest and most promising apps and...,Navigate the evolving cryptocurrency landscape with our curated guide to the most promising crypto apps and exchanges to kickstart your journey in 2024.,WARN
/post/a-quick-guide-to-crypto-apps-exchanges-january-2024-edition,/blog/a-quick-guide-to-crypto-apps-exchanges-january-2024-edition,og:image,https://framerusercontent.com/images/G6FrxHO2dL9IcgUw5RwkUELN6g.png,https://spacedev.io/images/content/qFJKTDemuBdfzAflDu2hTIy3mw.webp,WARN
/post/ai-is-reshaping-drug-discovery-and-the-fda-is-onboard,/blog/ai-is-reshaping-drug-discovery-and-the-fda-is-onboard,title,AI in Drug Discovery: What the FDA's Endorsement Means,AI in Drug Discovery: The FDA Is Onboard,REVIEW
/post/ai-is-reshaping-drug-discovery-and-the-fda-is-onboard,/blog/ai-is-reshaping-drug-discovery-and-the-fda-is-onboard,description,"Artificial intelligence is quickly becoming the new lab assistant in drug discovery, and the U.S. FDA is helping clear the path. With pressure mounting to cut back on costly and ethically fraught...","AI is becoming the new lab assistant in drug discovery, and the FDA is clearing the path: within three to five years, animal studies could be the exception.",REVIEW
/post/ai-is-reshaping-drug-discovery-and-the-fda-is-onboard,/blog/ai-is-reshaping-drug-discovery-and-the-fda-is-onboard,canonical,https://spacedev.io/post/ai-is-reshaping-drug-discovery-and-the-fda-is-onboard,https://spacedev.io/blog/ai-is-reshaping-drug-discovery-and-the-fda-is-onboard/,INFO
/post/ai-is-reshaping-drug-discovery-and-the-fda-is-onboard,/blog/ai-is-reshaping-drug-discovery-and-the-fda-is-onboard,og:title,AI in Drug Discovery: What the FDA's Endorsement Means,AI in Drug Discovery: The FDA Is Onboard,WARN
/post/ai-is-reshaping-drug-discovery-and-the-fda-is-onboard,/blog/ai-is-reshaping-drug-discovery-and-the-fda-is-onboard,og:description,"Artificial intelligence is quickly becoming the new lab assistant in drug discovery, and the U.S. FDA is helping clear the path. With pressure mounting to cut back on costly and ethically fraught...","AI is becoming the new lab assistant in drug discovery, and the FDA is clearing the path: within three to five years, animal studies could be the exception.",WARN
/post/ai-is-reshaping-drug-discovery-and-the-fda-is-onboard,/blog/ai-is-reshaping-drug-discovery-and-the-fda-is-onboard,og:image,https://framerusercontent.com/images/G6FrxHO2dL9IcgUw5RwkUELN6g.png,https://spacedev.io/images/content/2kwBmFhPTlXfy8RM1iE5tRfmPfM.png,WARN
/post/bitcoin-101-basic-concepts-everyone-must-know,/blog/bitcoin-101-basic-concepts-everyone-must-know,title,(ausente),Bitcoin 101: Basic Concepts Everyone Must Know,REVIEW
/post/bitcoin-101-basic-concepts-everyone-must-know,/blog/bitcoin-101-basic-concepts-everyone-must-know,description,"Bitcoin, the world's first and most prominent cryptocurrency, has been making headlines lately. As of today, the price of one Bitcoin is hovering around $71K dollars, recovering strength from...","Bitcoin basics explained: how the world's first cryptocurrency works, why it matters, and the fundamental concepts everyone interested in crypto must know.",REVIEW
/post/bitcoin-101-basic-concepts-everyone-must-know,/blog/bitcoin-101-basic-concepts-everyone-must-know,canonical,https://spacedev.io/post/bitcoin-101-basic-concepts-everyone-must-know,https://spacedev.io/blog/bitcoin-101-basic-concepts-everyone-must-know/,INFO
/post/bitcoin-101-basic-concepts-everyone-must-know,/blog/bitcoin-101-basic-concepts-everyone-must-know,og:title,(ausente),Bitcoin 101: Basic Concepts Everyone Must Know,WARN
/post/bitcoin-101-basic-concepts-everyone-must-know,/blog/bitcoin-101-basic-concepts-everyone-must-know,og:description,"Bitcoin, the world's first and most prominent cryptocurrency, has been making headlines lately. As of today, the price of one Bitcoin is hovering around $71K dollars, recovering strength from...","Bitcoin basics explained: how the world's first cryptocurrency works, why it matters, and the fundamental concepts everyone interested in crypto must know.",WARN
/post/bitcoin-101-basic-concepts-everyone-must-know,/blog/bitcoin-101-basic-concepts-everyone-must-know,og:image,https://framerusercontent.com/images/G6FrxHO2dL9IcgUw5RwkUELN6g.png,https://spacedev.io/images/content/kCetyET6H0EvLGrRcVOTSUfAfqo.webp,WARN
/post/bitcoin-the-almost-millionaires-of-starcraft,/blog/bitcoin-the-almost-millionaires-of-starcraft,title,(ausente),Bitcoin & the Almost Millionaires of StarCraft,REVIEW
/post/bitcoin-the-almost-millionaires-of-starcraft,/blog/bitcoin-the-almost-millionaires-of-starcraft,description,"Imagine becoming a millionaire after NOT winning a tournament. Following up on our recent article on the price of Bitcoin, as well as the stories that have been circulating about lost or...","How losing a StarCraft tournament almost made gamers Bitcoin millionaires: one of the most curious stories in crypto history, from esports' golden era.",REVIEW
/post/bitcoin-the-almost-millionaires-of-starcraft,/blog/bitcoin-the-almost-millionaires-of-starcraft,canonical,https://spacedev.io/post/bitcoin-the-almost-millionaires-of-starcraft,https://spacedev.io/blog/bitcoin-the-almost-millionaires-of-starcraft/,INFO
/post/bitcoin-the-almost-millionaires-of-starcraft,/blog/bitcoin-the-almost-millionaires-of-starcraft,og:title,(ausente),Bitcoin & the Almost Millionaires of StarCraft,WARN
/post/bitcoin-the-almost-millionaires-of-starcraft,/blog/bitcoin-the-almost-millionaires-of-starcraft,og:description,"Imagine becoming a millionaire after NOT winning a tournament. Following up on our recent article on the price of Bitcoin, as well as the stories that have been circulating about lost or...","How losing a StarCraft tournament almost made gamers Bitcoin millionaires: one of the most curious stories in crypto history, from esports' golden era.",WARN
/post/bitcoin-the-almost-millionaires-of-starcraft,/blog/bitcoin-the-almost-millionaires-of-starcraft,og:image,https://framerusercontent.com/images/G6FrxHO2dL9IcgUw5RwkUELN6g.png,https://spacedev.io/images/content/3fuM3Z1MSowq1AA5jeBRovzFEFk.webp,WARN
/post/blockchain-ai-convergence-a-powerful-synergy,/blog/blockchain-ai-convergence-a-powerful-synergy,title,"Blockchain and AI Use Cases: Benefits, Trends and Enterprise Value",Blockchain + AI Convergence: A Powerful Synergy,REVIEW
/post/blockchain-ai-convergence-a-powerful-synergy,/blog/blockchain-ai-convergence-a-powerful-synergy,description,"Unlock the future of technology with SpaceDev. We specialize in cutting-edge software development, AI integration, blockchain solutions, and more. Discover how we can elevate your business.",Blockchain and AI are converging fast: AI deal value jumped 52% in 2024 and blockchain is set to hit $306B by 2030. Explore the use cases reshaping business.,REVIEW
/post/blockchain-ai-convergence-a-powerful-synergy,/blog/blockchain-ai-convergence-a-powerful-synergy,canonical,https://spacedev.io/post/blockchain-ai-convergence-a-powerful-synergy,https://spacedev.io/blog/blockchain-ai-convergence-a-powerful-synergy/,INFO
/post/blockchain-ai-convergence-a-powerful-synergy,/blog/blockchain-ai-convergence-a-powerful-synergy,og:title,"Blockchain and AI Use Cases: Benefits, Trends and Enterprise Value",Blockchain + AI Convergence: A Powerful Synergy,WARN
/post/blockchain-ai-convergence-a-powerful-synergy,/blog/blockchain-ai-convergence-a-powerful-synergy,og:description,"Unlock the future of technology with SpaceDev. We specialize in cutting-edge software development, AI integration, blockchain solutions, and more. Discover how we can elevate your business.",Blockchain and AI are converging fast: AI deal value jumped 52% in 2024 and blockchain is set to hit $306B by 2030. Explore the use cases reshaping business.,WARN
/post/blockchain-ai-convergence-a-powerful-synergy,/blog/blockchain-ai-convergence-a-powerful-synergy,og:image,https://framerusercontent.com/images/G6FrxHO2dL9IcgUw5RwkUELN6g.png,https://spacedev.io/images/content/DmHKXFBCvlA7Y9zmzYpBfOzzko.webp,WARN
/post/blockchain-ai-convergence-make-ai-trustworthy,/blog/blockchain-ai-convergence-make-ai-trustworthy,title,Blockchain and AI Convergence in 2026: Make AI More Trustworthy,Blockchain and AI in 2026: Making AI Trustworthy,REVIEW
/post/blockchain-ai-convergence-make-ai-trustworthy,/blog/blockchain-ai-convergence-make-ai-trustworthy,canonical,https://spacedev.io/post/blockchain-ai-convergence-make-ai-trustworthy,https://spacedev.io/blog/blockchain-ai-convergence-make-ai-trustworthy/,INFO
/post/blockchain-ai-convergence-make-ai-trustworthy,/blog/blockchain-ai-convergence-make-ai-trustworthy,og:title,Blockchain and AI Convergence in 2026: Make AI More Trustworthy,Blockchain and AI in 2026: Making AI Trustworthy,WARN
/post/blockchain-ai-convergence-make-ai-trustworthy,/blog/blockchain-ai-convergence-make-ai-trustworthy,og:image,https://framerusercontent.com/images/G6FrxHO2dL9IcgUw5RwkUELN6g.png,https://spacedev.io/images/content/VUCXsmRvqZrSwTQ8z4LOaKzFRo.png,WARN
/post/blockchain-and-the-film-industry-decentralized-pictures,/blog/blockchain-and-the-film-industry-decentralized-pictures,title,Decentralized Pictures: Blockchain and Film Financing,Blockchain in Film: Decentralized Pictures Explained,REVIEW
/post/blockchain-and-the-film-industry-decentralized-pictures,/blog/blockchain-and-the-film-industry-decentralized-pictures,description,"The intersection of technology and creativity has always been a passion of mine, especially when it involves blockchain. Recently, I stumbled upon a groundbreaking initiative that perfectly...","Decentralized Pictures uses blockchain to democratize film financing, letting a global community decide which films get made, backed by Coppola's Zoetrope.",REVIEW
/post/blockchain-and-the-film-industry-decentralized-pictures,/blog/blockchain-and-the-film-industry-decentralized-pictures,canonical,https://spacedev.io/post/blockchain-and-the-film-industry-decentralized-pictures,https://spacedev.io/blog/blockchain-and-the-film-industry-decentralized-pictures/,INFO
/post/blockchain-and-the-film-industry-decentralized-pictures,/blog/blockchain-and-the-film-industry-decentralized-pictures,og:title,Decentralized Pictures: Blockchain and Film Financing,Blockchain in Film: Decentralized Pictures Explained,WARN
/post/blockchain-and-the-film-industry-decentralized-pictures,/blog/blockchain-and-the-film-industry-decentralized-pictures,og:description,"The intersection of technology and creativity has always been a passion of mine, especially when it involves blockchain. Recently, I stumbled upon a groundbreaking initiative that perfectly...","Decentralized Pictures uses blockchain to democratize film financing, letting a global community decide which films get made, backed by Coppola's Zoetrope.",WARN
/post/blockchain-and-the-film-industry-decentralized-pictures,/blog/blockchain-and-the-film-industry-decentralized-pictures,og:image,https://framerusercontent.com/images/G6FrxHO2dL9IcgUw5RwkUELN6g.png,https://spacedev.io/images/content/GGG67bdz69DgCTI3JuvX59NA.webp,WARN
/post/blockchain-and-the-film-industry-decentralized-pictures,/blog/blockchain-and-the-film-industry-decentralized-pictures,h1,Decentralized Pictures: How Blockchain Is Changing Film Financing,Blockchain and the Film Industry: Decentralized Pictures,WARN
/post/build-your-dream-team-top-ai-tools-for-2025-success,/blog/build-your-dream-team-top-ai-tools-for-2025-success,title,Best AI Tools to Build a High-Performing Team,Top AI Tools for 2025: Build Your Dream Team,REVIEW
/post/build-your-dream-team-top-ai-tools-for-2025-success,/blog/build-your-dream-team-top-ai-tools-for-2025-success,description,"Forget bloated org charts and endless hiring cycles. Today, you can build a high-performing “team” with the right stack of AI tools, no need for a massive payroll. For entrepreneurs and growing...","Forget bloated org charts and endless hiring cycles: build a high-performing team with the right stack of AI tools for 2025, no massive payroll required.",REVIEW
/post/build-your-dream-team-top-ai-tools-for-2025-success,/blog/build-your-dream-team-top-ai-tools-for-2025-success,canonical,https://spacedev.io/post/build-your-dream-team-top-ai-tools-for-2025-success,https://spacedev.io/blog/build-your-dream-team-top-ai-tools-for-2025-success/,INFO
/post/build-your-dream-team-top-ai-tools-for-2025-success,/blog/build-your-dream-team-top-ai-tools-for-2025-success,og:title,Best AI Tools to Build a High-Performing Team,Top AI Tools for 2025: Build Your Dream Team,WARN
/post/build-your-dream-team-top-ai-tools-for-2025-success,/blog/build-your-dream-team-top-ai-tools-for-2025-success,og:description,"Forget bloated org charts and endless hiring cycles. Today, you can build a high-performing “team” with the right stack of AI tools, no need for a massive payroll. For entrepreneurs and growing...","Forget bloated org charts and endless hiring cycles: build a high-performing team with the right stack of AI tools for 2025, no massive payroll required.",WARN
/post/build-your-dream-team-top-ai-tools-for-2025-success,/blog/build-your-dream-team-top-ai-tools-for-2025-success,og:image,https://framerusercontent.com/images/G6FrxHO2dL9IcgUw5RwkUELN6g.png,https://spacedev.io/images/content/3mGvxkRKscJFyBNytRzWDrsyg.webp,WARN
/post/changing-the-lens-on-the-future-of-crypto-latams-promising-future,/blog/changing-the-lens-on-the-future-of-crypto-latams-promising-future,title,(ausente),Crypto in LATAM: The Region's Promising Future,REVIEW
/post/changing-the-lens-on-the-future-of-crypto-latams-promising-future,/blog/changing-the-lens-on-the-future-of-crypto-latams-promising-future,description,"It’s common for anyone who grew up in Latin America to marvel at magnitude, complexity and presentation when they travel to the US, Canada or Europe. The marked differences usually don’t lie on the...","Latin America is emerging as a key player in crypto and blockchain, driven by economic instability, limited banking access, and a vibrant developer community.",REVIEW
/post/changing-the-lens-on-the-future-of-crypto-latams-promising-future,/blog/changing-the-lens-on-the-future-of-crypto-latams-promising-future,canonical,https://spacedev.io/post/changing-the-lens-on-the-future-of-crypto-latams-promising-future,https://spacedev.io/blog/changing-the-lens-on-the-future-of-crypto-latams-promising-future/,INFO
/post/changing-the-lens-on-the-future-of-crypto-latams-promising-future,/blog/changing-the-lens-on-the-future-of-crypto-latams-promising-future,og:title,(ausente),Crypto in LATAM: The Region's Promising Future,WARN
/post/changing-the-lens-on-the-future-of-crypto-latams-promising-future,/blog/changing-the-lens-on-the-future-of-crypto-latams-promising-future,og:description,"It’s common for anyone who grew up in Latin America to marvel at magnitude, complexity and presentation when they travel to the US, Canada or Europe. The marked differences usually don’t lie on the...","Latin America is emerging as a key player in crypto and blockchain, driven by economic instability, limited banking access, and a vibrant developer community.",WARN
/post/changing-the-lens-on-the-future-of-crypto-latams-promising-future,/blog/changing-the-lens-on-the-future-of-crypto-latams-promising-future,og:image,https://framerusercontent.com/images/G6FrxHO2dL9IcgUw5RwkUELN6g.png,https://spacedev.io/images/content/qFJKTDemuBdfzAflDu2hTIy3mw.webp,WARN
/post/changing-the-lens-on-the-future-of-crypto-latams-promising-future,/blog/changing-the-lens-on-the-future-of-crypto-latams-promising-future,h1,Changing the Lens on the Future of Crypto: LATAM’s Promising Future,Changing the Lens on the Future of Crypto: LATAM's Promising Future,WARN
/post/choosing-the-right-sprint-product-discovery-vs-discovery-sprint-vs-design-sprint,/blog/choosing-the-right-sprint-product-discovery-vs-discovery-sprint-vs-design-sprint,description,"Making an impactful product out of an idea takes several stages of discovery, testing, and validation. Three popular approaches often used by teams to optimize and speed up this process: Product...","Product Discovery, Discovery Sprints, and Design Sprints each validate ideas differently. Learn which approach best fits your product's stage and goals.",REVIEW
/post/choosing-the-right-sprint-product-discovery-vs-discovery-sprint-vs-design-sprint,/blog/choosing-the-right-sprint-product-discovery-vs-discovery-sprint-vs-design-sprint,canonical,https://spacedev.io/post/choosing-the-right-sprint-product-discovery-vs-discovery-sprint-vs-design-sprint,https://spacedev.io/blog/choosing-the-right-sprint-product-discovery-vs-discovery-sprint-vs-design-sprint/,INFO
/post/choosing-the-right-sprint-product-discovery-vs-discovery-sprint-vs-design-sprint,/blog/choosing-the-right-sprint-product-discovery-vs-discovery-sprint-vs-design-sprint,og:description,"Making an impactful product out of an idea takes several stages of discovery, testing, and validation. Three popular approaches often used by teams to optimize and speed up this process: Product...","Product Discovery, Discovery Sprints, and Design Sprints each validate ideas differently. Learn which approach best fits your product's stage and goals.",WARN
/post/choosing-the-right-sprint-product-discovery-vs-discovery-sprint-vs-design-sprint,/blog/choosing-the-right-sprint-product-discovery-vs-discovery-sprint-vs-design-sprint,og:image,https://framerusercontent.com/images/G6FrxHO2dL9IcgUw5RwkUELN6g.png,https://spacedev.io/images/content/pVs0fAmc6Gp2davy0dgkOslc1c.webp,WARN
/post/crypto-hacks-surge-in-april-2025-a-wake-up-call-for-blockchain-security-and-consulting,/blog/crypto-hacks-surge-in-april-2025-a-wake-up-call-for-blockchain-security-and-consulting,title,"rypto Hacks April 2025: $357M Lost, Are You Protected?",Crypto Hacks Surge: A Blockchain Security Wake-Up Call,REVIEW
/post/crypto-hacks-surge-in-april-2025-a-wake-up-call-for-blockchain-security-and-consulting,/blog/crypto-hacks-surge-in-april-2025-a-wake-up-call-for-blockchain-security-and-consulting,description,"April 2025 marked a significant escalation in crypto-related cyberattacks, with losses totaling approximately $357 million across 18 incidents—a staggering 990% increase compared to March. The most...","April 2025 saw $357 million lost across 18 crypto hacks, a 990% jump from March. Why smart contract audits and blockchain security are now non-negotiable.",REVIEW
/post/crypto-hacks-surge-in-april-2025-a-wake-up-call-for-blockchain-security-and-consulting,/blog/crypto-hacks-surge-in-april-2025-a-wake-up-call-for-blockchain-security-and-consulting,canonical,https://spacedev.io/post/crypto-hacks-surge-in-april-2025-a-wake-up-call-for-blockchain-security-and-consulting,https://spacedev.io/blog/crypto-hacks-surge-in-april-2025-a-wake-up-call-for-blockchain-security-and-consulting/,INFO
/post/crypto-hacks-surge-in-april-2025-a-wake-up-call-for-blockchain-security-and-consulting,/blog/crypto-hacks-surge-in-april-2025-a-wake-up-call-for-blockchain-security-and-consulting,og:title,"rypto Hacks April 2025: $357M Lost, Are You Protected?",Crypto Hacks Surge: A Blockchain Security Wake-Up Call,WARN
/post/crypto-hacks-surge-in-april-2025-a-wake-up-call-for-blockchain-security-and-consulting,/blog/crypto-hacks-surge-in-april-2025-a-wake-up-call-for-blockchain-security-and-consulting,og:description,"April 2025 marked a significant escalation in crypto-related cyberattacks, with losses totaling approximately $357 million across 18 incidents—a staggering 990% increase compared to March. The most...","April 2025 saw $357 million lost across 18 crypto hacks, a 990% jump from March. Why smart contract audits and blockchain security are now non-negotiable.",WARN
/post/crypto-hacks-surge-in-april-2025-a-wake-up-call-for-blockchain-security-and-consulting,/blog/crypto-hacks-surge-in-april-2025-a-wake-up-call-for-blockchain-security-and-consulting,og:image,https://framerusercontent.com/images/G6FrxHO2dL9IcgUw5RwkUELN6g.png,https://spacedev.io/images/content/8avQhh2xnXVeHKr5gw0tR54o3Q.webp,WARN
/post/decentralized-oracles,/blog/decentralized-oracles,title,"Decentralized Oracles Explained: How They Work, Types, and Top Providers",Decentralized Oracles: Why Smart Contracts Need Them,REVIEW
/post/decentralized-oracles,/blog/decentralized-oracles,description,Decentralized oracles are an essential part of trustworthy transactions on decentralized finance (DeFi) systems. They securely pipeline off-chain data into the blockchain and thus enable smart...,"Decentralized oracles securely bring off-chain data onto the blockchain, powering smart contract execution across DeFi, insurance, and prediction markets.",REVIEW
/post/decentralized-oracles,/blog/decentralized-oracles,canonical,https://spacedev.io/post/decentralized-oracles,https://spacedev.io/blog/decentralized-oracles/,INFO
/post/decentralized-oracles,/blog/decentralized-oracles,og:title,"Decentralized Oracles Explained: How They Work, Types, and Top Providers",Decentralized Oracles: Why Smart Contracts Need Them,WARN
/post/decentralized-oracles,/blog/decentralized-oracles,og:description,Decentralized oracles are an essential part of trustworthy transactions on decentralized finance (DeFi) systems. They securely pipeline off-chain data into the blockchain and thus enable smart...,"Decentralized oracles securely bring off-chain data onto the blockchain, powering smart contract execution across DeFi, insurance, and prediction markets.",WARN
/post/decentralized-oracles,/blog/decentralized-oracles,og:image,https://framerusercontent.com/images/G6FrxHO2dL9IcgUw5RwkUELN6g.png,https://spacedev.io/images/content/00eqLdyrpfZBRz5DKemobh4kQU.webp,WARN
/post/decentralizing-the-music-industry,/blog/decentralizing-the-music-industry,title,(ausente),Decentralizing the Music Industry with Blockchain,REVIEW
/post/decentralizing-the-music-industry,/blog/decentralizing-the-music-industry,description,"Remember the excitement of getting your first CD? I do! It was Limp Bizkit’s Chocolate Starfish and the Hot Dog Flavored Water (hey, that’s a title). Back then, opening a CD’s plastic case and...","Blockchain can fix the music industry's biggest problems, bringing greater transparency and fairer royalty distribution to artists through Web3 technology.",REVIEW
/post/decentralizing-the-music-industry,/blog/decentralizing-the-music-industry,canonical,https://spacedev.io/post/decentralizing-the-music-industry,https://spacedev.io/blog/decentralizing-the-music-industry/,INFO
/post/decentralizing-the-music-industry,/blog/decentralizing-the-music-industry,og:title,(ausente),Decentralizing the Music Industry with Blockchain,WARN
/post/decentralizing-the-music-industry,/blog/decentralizing-the-music-industry,og:description,"Remember the excitement of getting your first CD? I do! It was Limp Bizkit’s Chocolate Starfish and the Hot Dog Flavored Water (hey, that’s a title). Back then, opening a CD’s plastic case and...","Blockchain can fix the music industry's biggest problems, bringing greater transparency and fairer royalty distribution to artists through Web3 technology.",WARN
/post/decentralizing-the-music-industry,/blog/decentralizing-the-music-industry,og:image,https://framerusercontent.com/images/G6FrxHO2dL9IcgUw5RwkUELN6g.png,https://spacedev.io/images/content/GGG67bdz69DgCTI3JuvX59NA.webp,WARN
/post/ethereum-calendar-for-the-rest-of-2024,/blog/ethereum-calendar-for-the-rest-of-2024,title,(ausente),Ethereum Calendar for the Rest of 2024,REVIEW
/post/ethereum-calendar-for-the-rest-of-2024,/blog/ethereum-calendar-for-the-rest-of-2024,description,"The Ethereum community continues to expand as exciting new events pop up on the global map. From conferences and workshops to hackathons and meetups, enthusiasts, developers, and investors alike...","From conferences and hackathons to workshops and meetups, here's your complete guide to Ethereum events for the rest of 2024 as the community keeps growing.",REVIEW
/post/ethereum-calendar-for-the-rest-of-2024,/blog/ethereum-calendar-for-the-rest-of-2024,canonical,https://spacedev.io/post/ethereum-calendar-for-the-rest-of-2024,https://spacedev.io/blog/ethereum-calendar-for-the-rest-of-2024/,INFO
/post/ethereum-calendar-for-the-rest-of-2024,/blog/ethereum-calendar-for-the-rest-of-2024,og:title,(ausente),Ethereum Calendar for the Rest of 2024,WARN
/post/ethereum-calendar-for-the-rest-of-2024,/blog/ethereum-calendar-for-the-rest-of-2024,og:description,"The Ethereum community continues to expand as exciting new events pop up on the global map. From conferences and workshops to hackathons and meetups, enthusiasts, developers, and investors alike...","From conferences and hackathons to workshops and meetups, here's your complete guide to Ethereum events for the rest of 2024 as the community keeps growing.",WARN
/post/ethereum-calendar-for-the-rest-of-2024,/blog/ethereum-calendar-for-the-rest-of-2024,og:image,https://framerusercontent.com/images/G6FrxHO2dL9IcgUw5RwkUELN6g.png,https://spacedev.io/images/content/VBWL0xqiCNsme8WFULlHgc2YMhs.webp,WARN
/post/exploring-dencun-ethereums-latest-breakthrough,/blog/exploring-dencun-ethereums-latest-breakthrough,title,(ausente),Ethereum's Dencun Upgrade: Scalability Explained,REVIEW
/post/exploring-dencun-ethereums-latest-breakthrough,/blog/exploring-dencun-ethereums-latest-breakthrough,description,"The cryptoverse is surfing the ripples of Ethereum’s latest upgrade! Known as Dencun, it represents a significant milestone towards scalability and efficiency. Bringing optimization to Ethereum's...","Ethereum's Dencun upgrade marks a major milestone for scalability and efficiency, cutting congestion and transaction fees for users and developers alike.",REVIEW
/post/exploring-dencun-ethereums-latest-breakthrough,/blog/exploring-dencun-ethereums-latest-breakthrough,canonical,https://spacedev.io/post/exploring-dencun-ethereums-latest-breakthrough,https://spacedev.io/blog/exploring-dencun-ethereums-latest-breakthrough/,INFO
/post/exploring-dencun-ethereums-latest-breakthrough,/blog/exploring-dencun-ethereums-latest-breakthrough,og:title,(ausente),Ethereum's Dencun Upgrade: Scalability Explained,WARN
/post/exploring-dencun-ethereums-latest-breakthrough,/blog/exploring-dencun-ethereums-latest-breakthrough,og:description,"The cryptoverse is surfing the ripples of Ethereum’s latest upgrade! Known as Dencun, it represents a significant milestone towards scalability and efficiency. Bringing optimization to Ethereum's...","Ethereum's Dencun upgrade marks a major milestone for scalability and efficiency, cutting congestion and transaction fees for users and developers alike.",WARN
/post/exploring-dencun-ethereums-latest-breakthrough,/blog/exploring-dencun-ethereums-latest-breakthrough,og:image,https://framerusercontent.com/images/G6FrxHO2dL9IcgUw5RwkUELN6g.png,https://spacedev.io/images/content/VBWL0xqiCNsme8WFULlHgc2YMhs.webp,WARN
/post/from-fintech-to-wall-street,/blog/from-fintech-to-wall-street,title,Blockchain Fintech Goes to Wall Street: The Figure Story,From Fintech to Wall Street: The Crypto Shift,REVIEW
/post/from-fintech-to-wall-street,/blog/from-fintech-to-wall-street,description,"Unlock the future of technology with SpaceDev. We specialize in cutting-edge software development, AI integration, blockchain solutions, and more. Discover how we can elevate your business.",Figure Technology Solutions' IPO filing signals a new era for blockchain in mainstream capital markets. Why founders and investors should pay attention.,REVIEW
/post/from-fintech-to-wall-street,/blog/from-fintech-to-wall-street,canonical,https://spacedev.io/post/from-fintech-to-wall-street,https://spacedev.io/blog/from-fintech-to-wall-street/,INFO
/post/from-fintech-to-wall-street,/blog/from-fintech-to-wall-street,og:title,Blockchain Fintech Goes to Wall Street: The Figure Story,From Fintech to Wall Street: The Crypto Shift,WARN
/post/from-fintech-to-wall-street,/blog/from-fintech-to-wall-street,og:description,"Unlock the future of technology with SpaceDev. We specialize in cutting-edge software development, AI integration, blockchain solutions, and more. Discover how we can elevate your business.",Figure Technology Solutions' IPO filing signals a new era for blockchain in mainstream capital markets. Why founders and investors should pay attention.,WARN
/post/from-fintech-to-wall-street,/blog/from-fintech-to-wall-street,og:image,https://framerusercontent.com/images/G6FrxHO2dL9IcgUw5RwkUELN6g.png,https://spacedev.io/images/content/uLuHSBzzLiHci62DaepeOWAGlU.webp,WARN
/post/from-web3-to-web5-or-how-i-learned-to-stop-worrying-and-embrace-true-decentralization,/blog/from-web3-to-web5-or-how-i-learned-to-stop-worrying-and-embrace-true-decentralization,title,(ausente),From Web3 to Web5: Embracing True Decentralization,REVIEW
/post/from-web3-to-web5-or-how-i-learned-to-stop-worrying-and-embrace-true-decentralization,/blog/from-web3-to-web5-or-how-i-learned-to-stop-worrying-and-embrace-true-decentralization,description,"When the term ‘Web2’ was coined in 1999, it described the then up-and-coming version of the internet we know today, which was transitioning from an almost hypertext-exclusive world to hosting...","When Web3 faced criticism for not being truly decentralized, Jack Dorsey proposed Web5. A deep dive into what Web5 actually is and why it matters for users.",REVIEW
/post/from-web3-to-web5-or-how-i-learned-to-stop-worrying-and-embrace-true-decentralization,/blog/from-web3-to-web5-or-how-i-learned-to-stop-worrying-and-embrace-true-decentralization,canonical,https://spacedev.io/post/from-web3-to-web5-or-how-i-learned-to-stop-worrying-and-embrace-true-decentralization,https://spacedev.io/blog/from-web3-to-web5-or-how-i-learned-to-stop-worrying-and-embrace-true-decentralization/,INFO
/post/from-web3-to-web5-or-how-i-learned-to-stop-worrying-and-embrace-true-decentralization,/blog/from-web3-to-web5-or-how-i-learned-to-stop-worrying-and-embrace-true-decentralization,og:title,(ausente),From Web3 to Web5: Embracing True Decentralization,WARN
/post/from-web3-to-web5-or-how-i-learned-to-stop-worrying-and-embrace-true-decentralization,/blog/from-web3-to-web5-or-how-i-learned-to-stop-worrying-and-embrace-true-decentralization,og:description,"When the term ‘Web2’ was coined in 1999, it described the then up-and-coming version of the internet we know today, which was transitioning from an almost hypertext-exclusive world to hosting...","When Web3 faced criticism for not being truly decentralized, Jack Dorsey proposed Web5. A deep dive into what Web5 actually is and why it matters for users.",WARN
/post/from-web3-to-web5-or-how-i-learned-to-stop-worrying-and-embrace-true-decentralization,/blog/from-web3-to-web5-or-how-i-learned-to-stop-worrying-and-embrace-true-decentralization,og:image,https://framerusercontent.com/images/G6FrxHO2dL9IcgUw5RwkUELN6g.png,https://spacedev.io/images/content/FbmwPbUfDAa0q00EdQ3JbNrTpE.png,WARN
/post/goldman-sachs-bets-big-on-ai-and-blockchain,/blog/goldman-sachs-bets-big-on-ai-and-blockchain,title,Inside Goldman Sachs' Big Bet on AI and Blockchain,Goldman Sachs Bets Big on AI and Blockchain,REVIEW
/post/goldman-sachs-bets-big-on-ai-and-blockchain,/blog/goldman-sachs-bets-big-on-ai-and-blockchain,description,"On June 23, 2025, the halls at Goldman Sachs quietly buzzed with excitement. Inside, CIO Marco Argenti sent a memo that rippled across the firm: the GS AI Assistant, a generative AI-powered co...",Goldman Sachs launched its GS AI Assistant firmwide and expanded digital asset M&A fifteenfold. How the bank is betting big on AI and blockchain in finance.,REVIEW
/post/goldman-sachs-bets-big-on-ai-and-blockchain,/blog/goldman-sachs-bets-big-on-ai-and-blockchain,canonical,https://spacedev.io/post/goldman-sachs-bets-big-on-ai-and-blockchain,https://spacedev.io/blog/goldman-sachs-bets-big-on-ai-and-blockchain/,INFO
/post/goldman-sachs-bets-big-on-ai-and-blockchain,/blog/goldman-sachs-bets-big-on-ai-and-blockchain,og:title,Inside Goldman Sachs' Big Bet on AI and Blockchain,Goldman Sachs Bets Big on AI and Blockchain,WARN
/post/goldman-sachs-bets-big-on-ai-and-blockchain,/blog/goldman-sachs-bets-big-on-ai-and-blockchain,og:description,"On June 23, 2025, the halls at Goldman Sachs quietly buzzed with excitement. Inside, CIO Marco Argenti sent a memo that rippled across the firm: the GS AI Assistant, a generative AI-powered co...",Goldman Sachs launched its GS AI Assistant firmwide and expanded digital asset M&A fifteenfold. How the bank is betting big on AI and blockchain in finance.,WARN
/post/goldman-sachs-bets-big-on-ai-and-blockchain,/blog/goldman-sachs-bets-big-on-ai-and-blockchain,og:image,https://framerusercontent.com/images/G6FrxHO2dL9IcgUw5RwkUELN6g.png,https://spacedev.io/images/content/551gfTZfH8x4VlokOkb2lOOl4.webp,WARN
/post/how-hard-is-it-to-become-a-blockchain-developer,/blog/how-hard-is-it-to-become-a-blockchain-developer,title,(ausente),How Hard Is It to Become a Blockchain Developer?,REVIEW
/post/how-hard-is-it-to-become-a-blockchain-developer,/blog/how-hard-is-it-to-become-a-blockchain-developer,description,"One of the rarest events in tech is finding yourself in a static position. With the highest turnover rates of any sector, constantly changing trends, the continuous appearance of disruptive...","An honest look at the path to becoming a blockchain developer: the learning curve, smart contract skills, career opportunities, and how to get started.",REVIEW
/post/how-hard-is-it-to-become-a-blockchain-developer,/blog/how-hard-is-it-to-become-a-blockchain-developer,canonical,https://spacedev.io/post/how-hard-is-it-to-become-a-blockchain-developer,https://spacedev.io/blog/how-hard-is-it-to-become-a-blockchain-developer/,INFO
/post/how-hard-is-it-to-become-a-blockchain-developer,/blog/how-hard-is-it-to-become-a-blockchain-developer,og:title,(ausente),How Hard Is It to Become a Blockchain Developer?,WARN
/post/how-hard-is-it-to-become-a-blockchain-developer,/blog/how-hard-is-it-to-become-a-blockchain-developer,og:description,"One of the rarest events in tech is finding yourself in a static position. With the highest turnover rates of any sector, constantly changing trends, the continuous appearance of disruptive...","An honest look at the path to becoming a blockchain developer: the learning curve, smart contract skills, career opportunities, and how to get started.",WARN
/post/how-hard-is-it-to-become-a-blockchain-developer,/blog/how-hard-is-it-to-become-a-blockchain-developer,og:image,https://framerusercontent.com/images/G6FrxHO2dL9IcgUw5RwkUELN6g.png,https://spacedev.io/images/content/eGC3vJH4dLUVuXBOVdkGVL066FE.webp,WARN
/post/how-real-world-assets-are-reshaping-decentralized-finance,/blog/how-real-world-assets-are-reshaping-decentralized-finance,description,"Decentralized finance has been evolving with striking speed. At first, the narrative was dominated by tokens, incentives, and rapid liquidity cycles. Now, DeFi is starting to connect with real...","DeFi is connecting with real economic activity through tokenized real-world assets. How RWAs bring bonds, loans, and property onto blockchain infrastructure.",REVIEW
/post/how-real-world-assets-are-reshaping-decentralized-finance,/blog/how-real-world-assets-are-reshaping-decentralized-finance,canonical,https://spacedev.io/post/how-real-world-assets-are-reshaping-decentralized-finance,https://spacedev.io/blog/how-real-world-assets-are-reshaping-decentralized-finance/,INFO
/post/how-real-world-assets-are-reshaping-decentralized-finance,/blog/how-real-world-assets-are-reshaping-decentralized-finance,og:description,"Decentralized finance has been evolving with striking speed. At first, the narrative was dominated by tokens, incentives, and rapid liquidity cycles. Now, DeFi is starting to connect with real...","DeFi is connecting with real economic activity through tokenized real-world assets. How RWAs bring bonds, loans, and property onto blockchain infrastructure.",WARN
/post/how-real-world-assets-are-reshaping-decentralized-finance,/blog/how-real-world-assets-are-reshaping-decentralized-finance,og:image,https://framerusercontent.com/images/G6FrxHO2dL9IcgUw5RwkUELN6g.png,https://spacedev.io/images/content/44cWuGIUHol9zdssx9kSFMjtBs.png,WARN
/post/how-to-hire-remote-software-developers-a-smart-guide-for-growing-teams,/blog/how-to-hire-remote-software-developers-a-smart-guide-for-growing-teams,title,Blockchain Fintech Goes to Wall Street: The Figure Story,How to Hire Remote Software Developers: Smart Guide,REVIEW
/post/how-to-hire-remote-software-developers-a-smart-guide-for-growing-teams,/blog/how-to-hire-remote-software-developers-a-smart-guide-for-growing-teams,description,"Hiring the right software developers can be the key to scaling your business. Whether you need to build a new product, upgrade your systems, or expand your team, great developers make it happen. At...","Hiring remote software developers gives you access to global talent, cuts time-to-hire, and helps you scale flexibly. A smart guide for growing tech teams.",REVIEW
/post/how-to-hire-remote-software-developers-a-smart-guide-for-growing-teams,/blog/how-to-hire-remote-software-developers-a-smart-guide-for-growing-teams,canonical,https://spacedev.io/post/how-to-hire-remote-software-developers-a-smart-guide-for-growing-teams,https://spacedev.io/blog/how-to-hire-remote-software-developers-a-smart-guide-for-growing-teams/,INFO
/post/how-to-hire-remote-software-developers-a-smart-guide-for-growing-teams,/blog/how-to-hire-remote-software-developers-a-smart-guide-for-growing-teams,og:title,Blockchain Fintech Goes to Wall Street: The Figure Story,How to Hire Remote Software Developers: Smart Guide,WARN
/post/how-to-hire-remote-software-developers-a-smart-guide-for-growing-teams,/blog/how-to-hire-remote-software-developers-a-smart-guide-for-growing-teams,og:description,"Hiring the right software developers can be the key to scaling your business. Whether you need to build a new product, upgrade your systems, or expand your team, great developers make it happen. At...","Hiring remote software developers gives you access to global talent, cuts time-to-hire, and helps you scale flexibly. A smart guide for growing tech teams.",WARN
/post/how-to-hire-remote-software-developers-a-smart-guide-for-growing-teams,/blog/how-to-hire-remote-software-developers-a-smart-guide-for-growing-teams,og:image,https://framerusercontent.com/images/G6FrxHO2dL9IcgUw5RwkUELN6g.png,https://spacedev.io/images/content/HnBRzRZKIvGkGHIfxiQev0lU2o0.webp,WARN
/post/how-we-built-ndax,/blog/how-we-built-ndax,title,(ausente),"How We Built NDAX, Canada's Biggest Crypto Exchange",REVIEW
/post/how-we-built-ndax,/blog/how-we-built-ndax,description,"Frowning upon the mention of ‘blockchain’ might be a thing of the past, but actually integrating it to a traditional economic system is far from easy. NDAX co-founder, VP and CTO Hussein Hammoud...","How SpaceDev built NDAX, Canada's most prominent crypto exchange: blockchain development meets traditional finance, regulation, and bank-grade security.",REVIEW
/post/how-we-built-ndax,/blog/how-we-built-ndax,canonical,https://spacedev.io/post/how-we-built-ndax,https://spacedev.io/blog/how-we-built-ndax/,INFO
/post/how-we-built-ndax,/blog/how-we-built-ndax,og:title,(ausente),"How We Built NDAX, Canada's Biggest Crypto Exchange",WARN
/post/how-we-built-ndax,/blog/how-we-built-ndax,og:description,"Frowning upon the mention of ‘blockchain’ might be a thing of the past, but actually integrating it to a traditional economic system is far from easy. NDAX co-founder, VP and CTO Hussein Hammoud...","How SpaceDev built NDAX, Canada's most prominent crypto exchange: blockchain development meets traditional finance, regulation, and bank-grade security.",WARN
/post/how-we-built-ndax,/blog/how-we-built-ndax,og:image,https://framerusercontent.com/images/G6FrxHO2dL9IcgUw5RwkUELN6g.png,https://spacedev.io/images/content/k9VyKGh5tqD9B5xLFRFXoVDVm44.webp,WARN
/post/hypothetical-sprint-cutting-exchange-latency-by-40-in-7-days,/blog/hypothetical-sprint-cutting-exchange-latency-by-40-in-7-days,title,How to Reduce Exchange Latency 40% in One Week,How to Cut Exchange Latency by 40% in One Week,REVIEW
/post/hypothetical-sprint-cutting-exchange-latency-by-40-in-7-days,/blog/hypothetical-sprint-cutting-exchange-latency-by-40-in-7-days,description,"For crypto and fintech exchanges, differences in milliseconds impact fill rates, slippage, and user trust. A 2023 study on electronic trading found that a 100ms delay can reduce order fill...","For crypto and fintech exchanges, milliseconds shape fill rates and trust. How a structured 7-day sprint delivers 40% latency gains without new hardware.",REVIEW
/post/hypothetical-sprint-cutting-exchange-latency-by-40-in-7-days,/blog/hypothetical-sprint-cutting-exchange-latency-by-40-in-7-days,canonical,https://spacedev.io/post/hypothetical-sprint-cutting-exchange-latency-by-40-in-7-days,https://spacedev.io/blog/hypothetical-sprint-cutting-exchange-latency-by-40-in-7-days/,INFO
/post/hypothetical-sprint-cutting-exchange-latency-by-40-in-7-days,/blog/hypothetical-sprint-cutting-exchange-latency-by-40-in-7-days,og:title,How to Reduce Exchange Latency 40% in One Week,How to Cut Exchange Latency by 40% in One Week,WARN
/post/hypothetical-sprint-cutting-exchange-latency-by-40-in-7-days,/blog/hypothetical-sprint-cutting-exchange-latency-by-40-in-7-days,og:description,"For crypto and fintech exchanges, differences in milliseconds impact fill rates, slippage, and user trust. A 2023 study on electronic trading found that a 100ms delay can reduce order fill...","For crypto and fintech exchanges, milliseconds shape fill rates and trust. How a structured 7-day sprint delivers 40% latency gains without new hardware.",WARN
/post/hypothetical-sprint-cutting-exchange-latency-by-40-in-7-days,/blog/hypothetical-sprint-cutting-exchange-latency-by-40-in-7-days,og:image,https://framerusercontent.com/images/G6FrxHO2dL9IcgUw5RwkUELN6g.png,https://spacedev.io/images/content/00eqLdyrpfZBRz5DKemobh4kQU.webp,WARN
/post/hypothetical-sprint-cutting-exchange-latency-by-40-in-7-days,/blog/hypothetical-sprint-cutting-exchange-latency-by-40-in-7-days,h1,Hypothetical Sprint: Cutting Exchange Latency by 40% in 7 Days,How to Reduce Exchange Latency 40% in One Week,WARN
/post/key-insights-to-build-a-real-web3-product-that-works,/blog/key-insights-to-build-a-real-web3-product-that-works,title,Web3 Product Development: Key Insights for Builders,Key Insights to Build a Real Web3 Product That Works,REVIEW
/post/key-insights-to-build-a-real-web3-product-that-works,/blog/key-insights-to-build-a-real-web3-product-that-works,description,"Web3 isn't just a trend, it's a shift. But building a product in this space requires more than just slapping “blockchain” on your pitch deck. It’s a different game with different rules, and most...",Building a real Web3 product takes more than slapping blockchain on a pitch deck. The core insights to lock in before you write a single line of code.,REVIEW
/post/key-insights-to-build-a-real-web3-product-that-works,/blog/key-insights-to-build-a-real-web3-product-that-works,canonical,https://spacedev.io/post/key-insights-to-build-a-real-web3-product-that-works,https://spacedev.io/blog/key-insights-to-build-a-real-web3-product-that-works/,INFO
/post/key-insights-to-build-a-real-web3-product-that-works,/blog/key-insights-to-build-a-real-web3-product-that-works,og:title,Web3 Product Development: Key Insights for Builders,Key Insights to Build a Real Web3 Product That Works,WARN
/post/key-insights-to-build-a-real-web3-product-that-works,/blog/key-insights-to-build-a-real-web3-product-that-works,og:description,"Web3 isn't just a trend, it's a shift. But building a product in this space requires more than just slapping “blockchain” on your pitch deck. It’s a different game with different rules, and most...",Building a real Web3 product takes more than slapping blockchain on a pitch deck. The core insights to lock in before you write a single line of code.,WARN
/post/key-insights-to-build-a-real-web3-product-that-works,/blog/key-insights-to-build-a-real-web3-product-that-works,og:image,https://framerusercontent.com/images/G6FrxHO2dL9IcgUw5RwkUELN6g.png,https://spacedev.io/images/content/VUCXsmRvqZrSwTQ8z4LOaKzFRo.png,WARN
/post/marketing-web-3,/blog/web3-marketing-strategies,description,"Web3 marketing isn’t just a new growth channel — it’s a new system of coordination. In Web2, you optimize funnels. In Web3, you design ecosystems. The difference is structural. Users are no longer...","Most Web3 marketing chases hype. Learn the strategies that compound: community, narrative, distribution, and product-led growth loops beyond bull markets.",REVIEW
/post/marketing-web-3,/blog/web3-marketing-strategies,canonical,https://spacedev.io/post/marketing-web-3,https://spacedev.io/blog/web3-marketing-strategies/,INFO
/post/marketing-web-3,/blog/web3-marketing-strategies,og:description,"Web3 marketing isn’t just a new growth channel — it’s a new system of coordination. In Web2, you optimize funnels. In Web3, you design ecosystems. The difference is structural. Users are no longer...","Most Web3 marketing chases hype. Learn the strategies that compound: community, narrative, distribution, and product-led growth loops beyond bull markets.",WARN
/post/marketing-web-3,/blog/web3-marketing-strategies,og:image,https://framerusercontent.com/images/G6FrxHO2dL9IcgUw5RwkUELN6g.png,https://spacedev.io/images/content/hxho9VrUWQGx6HtGs0MBU04Ln1M.webp,WARN
/post/meta-bets-big-on-superintelligence-what-it-means-for-the-future-of-ai,/blog/meta-bets-big-on-superintelligence-what-it-means-for-the-future-of-ai,title,Why Meta Is Betting Billions on Superintelligence?,Meta's Superintelligence Bet: The Future of AI,REVIEW
/post/meta-bets-big-on-superintelligence-what-it-means-for-the-future-of-ai,/blog/meta-bets-big-on-superintelligence-what-it-means-for-the-future-of-ai,description,"Unlock the future of technology with SpaceDev. We specialize in cutting-edge software development, AI integration, blockchain solutions, and more. Discover how we can elevate your business.",Meta is investing hundreds of billions in superintelligence and AI supercomputers. Here's how Zuckerberg's bet reshapes the competitive AI landscape.,REVIEW
/post/meta-bets-big-on-superintelligence-what-it-means-for-the-future-of-ai,/blog/meta-bets-big-on-superintelligence-what-it-means-for-the-future-of-ai,canonical,https://spacedev.io/post/meta-bets-big-on-superintelligence-what-it-means-for-the-future-of-ai,https://spacedev.io/blog/meta-bets-big-on-superintelligence-what-it-means-for-the-future-of-ai/,INFO
/post/meta-bets-big-on-superintelligence-what-it-means-for-the-future-of-ai,/blog/meta-bets-big-on-superintelligence-what-it-means-for-the-future-of-ai,og:title,Why Meta Is Betting Billions on Superintelligence?,Meta's Superintelligence Bet: The Future of AI,WARN
/post/meta-bets-big-on-superintelligence-what-it-means-for-the-future-of-ai,/blog/meta-bets-big-on-superintelligence-what-it-means-for-the-future-of-ai,og:description,"Unlock the future of technology with SpaceDev. We specialize in cutting-edge software development, AI integration, blockchain solutions, and more. Discover how we can elevate your business.",Meta is investing hundreds of billions in superintelligence and AI supercomputers. Here's how Zuckerberg's bet reshapes the competitive AI landscape.,WARN
/post/meta-bets-big-on-superintelligence-what-it-means-for-the-future-of-ai,/blog/meta-bets-big-on-superintelligence-what-it-means-for-the-future-of-ai,og:image,https://framerusercontent.com/images/G6FrxHO2dL9IcgUw5RwkUELN6g.png,https://spacedev.io/images/content/YsbdX3EJ9VDlsYSu4d9uLfVvKy4.webp,WARN
/post/optimize-your-sales-with-a-multi-agent-ai-system,/blog/optimize-your-sales-with-a-multi-agent-ai-system,title,(ausente),Multi-Agent AI Systems to Optimize Sales Pipelines,REVIEW
/post/optimize-your-sales-with-a-multi-agent-ai-system,/blog/optimize-your-sales-with-a-multi-agent-ai-system,description,"Nowadays, the success of a business depends on immediacy and efficiency. So, it makes sense: an artificial intelligence system based on a multi-agent architecture is bound to have the highest...",Boost sales and customer service with a multi-agent AI system: autonomous agents that automate every stage of your sales cycle and lift conversions.,REVIEW
/post/optimize-your-sales-with-a-multi-agent-ai-system,/blog/optimize-your-sales-with-a-multi-agent-ai-system,canonical,https://spacedev.io/post/optimize-your-sales-with-a-multi-agent-ai-system,https://spacedev.io/blog/optimize-your-sales-with-a-multi-agent-ai-system/,INFO
/post/optimize-your-sales-with-a-multi-agent-ai-system,/blog/optimize-your-sales-with-a-multi-agent-ai-system,og:title,(ausente),Multi-Agent AI Systems to Optimize Sales Pipelines,WARN
/post/optimize-your-sales-with-a-multi-agent-ai-system,/blog/optimize-your-sales-with-a-multi-agent-ai-system,og:description,"Nowadays, the success of a business depends on immediacy and efficiency. So, it makes sense: an artificial intelligence system based on a multi-agent architecture is bound to have the highest...",Boost sales and customer service with a multi-agent AI system: autonomous agents that automate every stage of your sales cycle and lift conversions.,WARN
/post/optimize-your-sales-with-a-multi-agent-ai-system,/blog/optimize-your-sales-with-a-multi-agent-ai-system,og:image,https://framerusercontent.com/images/G6FrxHO2dL9IcgUw5RwkUELN6g.png,https://spacedev.io/images/content/3mGvxkRKscJFyBNytRzWDrsyg.webp,WARN
/post/quick-guide-the-best-crypto-staking-platforms,/blog/quick-guide-the-best-crypto-staking-platforms,title,(ausente),Best Crypto Staking Platforms: A Quick Comparison Guide,REVIEW
/post/quick-guide-the-best-crypto-staking-platforms,/blog/quick-guide-the-best-crypto-staking-platforms,description,"Staking is all about leveraging blockchain technology to offer investors opportunities for passive income and network participation. ‍ There are many options of staking platforms, that is why...","Compare the best crypto staking platforms and learn how staking works: passive income, network participation, rewards, and the key risks to watch.",REVIEW
/post/quick-guide-the-best-crypto-staking-platforms,/blog/quick-guide-the-best-crypto-staking-platforms,canonical,https://spacedev.io/post/quick-guide-the-best-crypto-staking-platforms,https://spacedev.io/blog/quick-guide-the-best-crypto-staking-platforms/,INFO
/post/quick-guide-the-best-crypto-staking-platforms,/blog/quick-guide-the-best-crypto-staking-platforms,og:title,(ausente),Best Crypto Staking Platforms: A Quick Comparison Guide,WARN
/post/quick-guide-the-best-crypto-staking-platforms,/blog/quick-guide-the-best-crypto-staking-platforms,og:description,"Staking is all about leveraging blockchain technology to offer investors opportunities for passive income and network participation. ‍ There are many options of staking platforms, that is why...","Compare the best crypto staking platforms and learn how staking works: passive income, network participation, rewards, and the key risks to watch.",WARN
/post/quick-guide-the-best-crypto-staking-platforms,/blog/quick-guide-the-best-crypto-staking-platforms,og:image,https://framerusercontent.com/images/G6FrxHO2dL9IcgUw5RwkUELN6g.png,https://spacedev.io/images/content/kCetyET6H0EvLGrRcVOTSUfAfqo.webp,WARN
/post/real-world-assets-(rwas)-explained,/blog/real-world-assets-rwas-explained,title,"Real-World Assets (RWAs) Explained: Types, Uses and Benefits","Real-World Assets (RWAs): Types, Benefits, Examples",REVIEW
/post/real-world-assets-(rwas)-explained,/blog/real-world-assets-rwas-explained,description,"Real World Assets are physical or traditional financial assets that are increasingly being represented on blockchain networks. This tokenization process improves liquidity, accessibility...","Real-world assets (RWAs) bring physical and financial assets on-chain. Learn how tokenization boosts liquidity, transparency, and access to markets.",REVIEW
/post/real-world-assets-(rwas)-explained,/blog/real-world-assets-rwas-explained,canonical,https://spacedev.io/post/real-world-assets-(rwas)-explained,https://spacedev.io/blog/real-world-assets-rwas-explained/,INFO
/post/real-world-assets-(rwas)-explained,/blog/real-world-assets-rwas-explained,og:title,"Real-World Assets (RWAs) Explained: Types, Uses and Benefits","Real-World Assets (RWAs): Types, Benefits, Examples",WARN
/post/real-world-assets-(rwas)-explained,/blog/real-world-assets-rwas-explained,og:description,"Real World Assets are physical or traditional financial assets that are increasingly being represented on blockchain networks. This tokenization process improves liquidity, accessibility...","Real-world assets (RWAs) bring physical and financial assets on-chain. Learn how tokenization boosts liquidity, transparency, and access to markets.",WARN
/post/real-world-assets-(rwas)-explained,/blog/real-world-assets-rwas-explained,og:image,https://framerusercontent.com/images/G6FrxHO2dL9IcgUw5RwkUELN6g.png,https://spacedev.io/images/content/fO7SfBQPl5ZyUbWpE80AgCxQ9Co.webp,WARN
/post/ripple-drops-200m-on-rail-to-dominate-the-future-of-stablecoin-payments,/blog/ripple-drops-200m-on-rail-to-dominate-the-future-of-stablecoin-payments,title,"Ripple, Rail, and the Stablecoin Payment Race",Ripple Buys Rail for $200M: Stablecoin Payments Shift,REVIEW
/post/ripple-drops-200m-on-rail-to-dominate-the-future-of-stablecoin-payments,/blog/ripple-drops-200m-on-rail-to-dominate-the-future-of-stablecoin-payments,description,"Unlock the future of technology with SpaceDev. We specialize in cutting-edge software development, AI integration, blockchain solutions, and more. Discover how we can elevate your business.","Ripple acquired payment infrastructure firm Rail for $200M, pushing its M&A total past $3B and cementing its lead in the future of stablecoin payments.",REVIEW
/post/ripple-drops-200m-on-rail-to-dominate-the-future-of-stablecoin-payments,/blog/ripple-drops-200m-on-rail-to-dominate-the-future-of-stablecoin-payments,canonical,https://spacedev.io/post/ripple-drops-200m-on-rail-to-dominate-the-future-of-stablecoin-payments,https://spacedev.io/blog/ripple-drops-200m-on-rail-to-dominate-the-future-of-stablecoin-payments/,INFO
/post/ripple-drops-200m-on-rail-to-dominate-the-future-of-stablecoin-payments,/blog/ripple-drops-200m-on-rail-to-dominate-the-future-of-stablecoin-payments,og:title,"Ripple, Rail, and the Stablecoin Payment Race",Ripple Buys Rail for $200M: Stablecoin Payments Shift,WARN
/post/ripple-drops-200m-on-rail-to-dominate-the-future-of-stablecoin-payments,/blog/ripple-drops-200m-on-rail-to-dominate-the-future-of-stablecoin-payments,og:description,"Unlock the future of technology with SpaceDev. We specialize in cutting-edge software development, AI integration, blockchain solutions, and more. Discover how we can elevate your business.","Ripple acquired payment infrastructure firm Rail for $200M, pushing its M&A total past $3B and cementing its lead in the future of stablecoin payments.",WARN
/post/ripple-drops-200m-on-rail-to-dominate-the-future-of-stablecoin-payments,/blog/ripple-drops-200m-on-rail-to-dominate-the-future-of-stablecoin-payments,og:image,https://framerusercontent.com/images/G6FrxHO2dL9IcgUw5RwkUELN6g.png,https://spacedev.io/images/content/uLuHSBzzLiHci62DaepeOWAGlU.webp,WARN
/post/save-time-with-a-smart-contract-audit-checklist,/blog/smart-contract-audit-checklist,title,Smart Contract Audit Checklist to Save Time and Money,Smart Contract Audit Checklist: Save Time & Avoid Risk,REVIEW
/post/save-time-with-a-smart-contract-audit-checklist,/blog/smart-contract-audit-checklist,description,"If you’ve ever scheduled a smart-contract audit, you know the sinking feeling: the code is “ready,” the auditors are booked, and yet the process drags on. What you thought would take three weeks...",A practical pre-audit checklist that we use at SpaceDev's BlockAudit to cut audit time by 30–50%. Use it before you ship your code to any auditor.,REVIEW
/post/save-time-with-a-smart-contract-audit-checklist,/blog/smart-contract-audit-checklist,canonical,https://spacedev.io/post/save-time-with-a-smart-contract-audit-checklist,https://spacedev.io/blog/smart-contract-audit-checklist/,INFO
/post/save-time-with-a-smart-contract-audit-checklist,/blog/smart-contract-audit-checklist,og:title,Smart Contract Audit Checklist to Save Time and Money,Smart Contract Audit Checklist: Save Time & Avoid Risk,WARN
/post/save-time-with-a-smart-contract-audit-checklist,/blog/smart-contract-audit-checklist,og:description,"If you’ve ever scheduled a smart-contract audit, you know the sinking feeling: the code is “ready,” the auditors are booked, and yet the process drags on. What you thought would take three weeks...",A practical pre-audit checklist that we use at SpaceDev's BlockAudit to cut audit time by 30–50%. Use it before you ship your code to any auditor.,WARN
/post/save-time-with-a-smart-contract-audit-checklist,/blog/smart-contract-audit-checklist,og:image,https://framerusercontent.com/images/G6FrxHO2dL9IcgUw5RwkUELN6g.png,https://spacedev.io/images/content/8avQhh2xnXVeHKr5gw0tR54o3Q.webp,WARN
/post/save-time-with-a-smart-contract-audit-checklist,/blog/smart-contract-audit-checklist,h1,Save Time With A Smart Contract Audit Checklist,Save Time With a Smart Contract Audit Checklist,INFO
/post/simply-put-what-are-memecoins,/blog/what-are-memecoins,title,"What Are Memecoins in Crypto? Meaning, Risks and Examples",What Are Memecoins in Crypto? A Plain-English Guide,REVIEW
/post/simply-put-what-are-memecoins,/blog/what-are-memecoins,description,"A type of cryptocurrency that is often created as a joke or parody, memecoins can sometimes gain significant popularity and value due to internet trends, social media hype, and community enthusiasm...","A clear-eyed look at memecoins: what they are, why they keep working, what risks they carry, and how they fit (or don't) into a serious Web3 portfolio.",REVIEW
/post/simply-put-what-are-memecoins,/blog/what-are-memecoins,canonical,https://spacedev.io/post/simply-put-what-are-memecoins,https://spacedev.io/blog/what-are-memecoins/,INFO
/post/simply-put-what-are-memecoins,/blog/what-are-memecoins,og:title,"What Are Memecoins in Crypto? Meaning, Risks and Examples",What Are Memecoins in Crypto? A Plain-English Guide,WARN
/post/simply-put-what-are-memecoins,/blog/what-are-memecoins,og:description,"A type of cryptocurrency that is often created as a joke or parody, memecoins can sometimes gain significant popularity and value due to internet trends, social media hype, and community enthusiasm...","A clear-eyed look at memecoins: what they are, why they keep working, what risks they carry, and how they fit (or don't) into a serious Web3 portfolio.",WARN
/post/simply-put-what-are-memecoins,/blog/what-are-memecoins,og:image,https://framerusercontent.com/images/G6FrxHO2dL9IcgUw5RwkUELN6g.png,https://spacedev.io/images/content/d3Ddsv9Vko4Mgi0ion6d7POiVc.webp,WARN
/post/simply-put-what-are-memecoins,/blog/what-are-memecoins,h1,"What Are Memecoins in Crypto? Examples, Risks and Market Trends",What Are Memecoins in Crypto?,WARN
/post/simply-put-what-is-blockchain,/blog/simply-put-what-is-blockchain,title,(ausente),Simply Put: What is Blockchain? A Beginner's Guide,REVIEW
/post/simply-put-what-is-blockchain,/blog/simply-put-what-is-blockchain,description,"Although people often associate it with bitcoin and cryptocurrency, blockchain is a flexible technology with a vast potential. Nowadays, blockchain is being applied in contexts that would have once...",Blockchain is far more than bitcoin: a flexible technology with vast potential. A clear introduction to what blockchain is and why it matters today.,REVIEW
/post/simply-put-what-is-blockchain,/blog/simply-put-what-is-blockchain,canonical,https://spacedev.io/post/simply-put-what-is-blockchain,https://spacedev.io/blog/simply-put-what-is-blockchain/,INFO
/post/simply-put-what-is-blockchain,/blog/simply-put-what-is-blockchain,og:title,(ausente),Simply Put: What is Blockchain? A Beginner's Guide,WARN
/post/simply-put-what-is-blockchain,/blog/simply-put-what-is-blockchain,og:description,"Although people often associate it with bitcoin and cryptocurrency, blockchain is a flexible technology with a vast potential. Nowadays, blockchain is being applied in contexts that would have once...",Blockchain is far more than bitcoin: a flexible technology with vast potential. A clear introduction to what blockchain is and why it matters today.,WARN
/post/simply-put-what-is-blockchain,/blog/simply-put-what-is-blockchain,og:image,https://framerusercontent.com/images/G6FrxHO2dL9IcgUw5RwkUELN6g.png,https://spacedev.io/images/content/JeQLv4bNGrE9UXUBQ7qTuS80hV4.webp,WARN
/post/the-2025-ai-playbook-roadmap-to-scale-your-startup-with-artificial-intelligence,/blog/the-2025-ai-playbook-roadmap-to-scale-your-startup-with-artificial-intelligence,title,AI Playbook: How to Scale Your Startup with AI,AI Playbook: How to Scale Your Startup with AI in 2025,REVIEW
/post/the-2025-ai-playbook-roadmap-to-scale-your-startup-with-artificial-intelligence,/blog/the-2025-ai-playbook-roadmap-to-scale-your-startup-with-artificial-intelligence,description,The business landscape in 2025 looks very different from even a couple of years ago. AI is no longer a buzzword reserved for Silicon Valley giants. It's the infrastructure quietly reshaping every...,"A practical AI roadmap for startups: data foundations, automation, predictive and generative AI, and how to scale team capacity without overhiring.",REVIEW
/post/the-2025-ai-playbook-roadmap-to-scale-your-startup-with-artificial-intelligence,/blog/the-2025-ai-playbook-roadmap-to-scale-your-startup-with-artificial-intelligence,canonical,https://spacedev.io/post/the-2025-ai-playbook-roadmap-to-scale-your-startup-with-artificial-intelligence,https://spacedev.io/blog/the-2025-ai-playbook-roadmap-to-scale-your-startup-with-artificial-intelligence/,INFO
/post/the-2025-ai-playbook-roadmap-to-scale-your-startup-with-artificial-intelligence,/blog/the-2025-ai-playbook-roadmap-to-scale-your-startup-with-artificial-intelligence,og:title,AI Playbook: How to Scale Your Startup with AI,AI Playbook: How to Scale Your Startup with AI in 2025,WARN
/post/the-2025-ai-playbook-roadmap-to-scale-your-startup-with-artificial-intelligence,/blog/the-2025-ai-playbook-roadmap-to-scale-your-startup-with-artificial-intelligence,og:description,The business landscape in 2025 looks very different from even a couple of years ago. AI is no longer a buzzword reserved for Silicon Valley giants. It's the infrastructure quietly reshaping every...,"A practical AI roadmap for startups: data foundations, automation, predictive and generative AI, and how to scale team capacity without overhiring.",WARN
/post/the-2025-ai-playbook-roadmap-to-scale-your-startup-with-artificial-intelligence,/blog/the-2025-ai-playbook-roadmap-to-scale-your-startup-with-artificial-intelligence,og:image,https://framerusercontent.com/images/G6FrxHO2dL9IcgUw5RwkUELN6g.png,https://spacedev.io/images/content/9X2GlCwcuQ6xnkjL24hYUhozU.webp,WARN
/post/the-future-of-ai-agents-in-business-why-40-projects-will-fail-by-2027,/blog/the-future-of-ai-agents-in-business-why-40-projects-will-fail-by-2027,title,The Future of AI Agents: 40+ Projects Will Fail by 2027,The Future of AI Agents: Why 40% of Projects Fail,REVIEW
/post/the-future-of-ai-agents-in-business-why-40-projects-will-fail-by-2027,/blog/the-future-of-ai-agents-in-business-why-40-projects-will-fail-by-2027,description,"Artificial Intelligence (AI) continues to redefine how businesses operate, with Agentic AI emerging as one of the most ambitious and promising frontiers. Defined by its ability to...","Agentic AI is booming, yet Gartner predicts many agentic AI projects will be scrapped by 2027. What separates AI agents that deliver from those that fail.",REVIEW
/post/the-future-of-ai-agents-in-business-why-40-projects-will-fail-by-2027,/blog/the-future-of-ai-agents-in-business-why-40-projects-will-fail-by-2027,canonical,https://spacedev.io/post/the-future-of-ai-agents-in-business-why-40-projects-will-fail-by-2027,https://spacedev.io/blog/the-future-of-ai-agents-in-business-why-40-projects-will-fail-by-2027/,INFO
/post/the-future-of-ai-agents-in-business-why-40-projects-will-fail-by-2027,/blog/the-future-of-ai-agents-in-business-why-40-projects-will-fail-by-2027,og:title,The Future of AI Agents: 40+ Projects Will Fail by 2027,The Future of AI Agents: Why 40% of Projects Fail,WARN
/post/the-future-of-ai-agents-in-business-why-40-projects-will-fail-by-2027,/blog/the-future-of-ai-agents-in-business-why-40-projects-will-fail-by-2027,og:description,"Artificial Intelligence (AI) continues to redefine how businesses operate, with Agentic AI emerging as one of the most ambitious and promising frontiers. Defined by its ability to...","Agentic AI is booming, yet Gartner predicts many agentic AI projects will be scrapped by 2027. What separates AI agents that deliver from those that fail.",WARN
/post/the-future-of-ai-agents-in-business-why-40-projects-will-fail-by-2027,/blog/the-future-of-ai-agents-in-business-why-40-projects-will-fail-by-2027,og:image,https://framerusercontent.com/images/G6FrxHO2dL9IcgUw5RwkUELN6g.png,https://spacedev.io/images/content/YxwLtoX3RaoAbsRSfm7BHL1xtKI.webp,WARN
/post/the-future-of-ai-software-engineering-automation-tools-and-the-road-ahead,/blog/the-future-of-ai-software-engineering-automation-tools-and-the-road-ahead,title,(ausente),AI Software Engineering: Automation Tools & the Road Ahead,REVIEW
/post/the-future-of-ai-software-engineering-automation-tools-and-the-road-ahead,/blog/the-future-of-ai-software-engineering-automation-tools-and-the-road-ahead,description,"Every week, we explore what's new because in this fast-paced AI revolution, groundbreaking tools emerge almost daily. It's tough to keep up, which is why we curate these bite-sized articles...","AI is transforming software engineering in 2025: AI-driven dev platforms, autonomous coding agents, and the automation tools reshaping how engineers build.",REVIEW
/post/the-future-of-ai-software-engineering-automation-tools-and-the-road-ahead,/blog/the-future-of-ai-software-engineering-automation-tools-and-the-road-ahead,canonical,https://spacedev.io/post/the-future-of-ai-software-engineering-automation-tools-and-the-road-ahead,https://spacedev.io/blog/the-future-of-ai-software-engineering-automation-tools-and-the-road-ahead/,INFO
/post/the-future-of-ai-software-engineering-automation-tools-and-the-road-ahead,/blog/the-future-of-ai-software-engineering-automation-tools-and-the-road-ahead,og:title,(ausente),AI Software Engineering: Automation Tools & the Road Ahead,WARN
/post/the-future-of-ai-software-engineering-automation-tools-and-the-road-ahead,/blog/the-future-of-ai-software-engineering-automation-tools-and-the-road-ahead,og:description,"Every week, we explore what's new because in this fast-paced AI revolution, groundbreaking tools emerge almost daily. It's tough to keep up, which is why we curate these bite-sized articles...","AI is transforming software engineering in 2025: AI-driven dev platforms, autonomous coding agents, and the automation tools reshaping how engineers build.",WARN
/post/the-future-of-ai-software-engineering-automation-tools-and-the-road-ahead,/blog/the-future-of-ai-software-engineering-automation-tools-and-the-road-ahead,og:image,https://framerusercontent.com/images/G6FrxHO2dL9IcgUw5RwkUELN6g.png,https://spacedev.io/images/content/c4SpYpXNEIPEN7vUedA03v3VZg.webp,WARN
/post/the-new-era-of-blockchain-and-web3-in-2025,/blog/the-new-era-of-blockchain-and-web3-in-2025,title,(ausente),The New Era of Blockchain and Web3 in 2025,REVIEW
/post/the-new-era-of-blockchain-and-web3-in-2025,/blog/the-new-era-of-blockchain-and-web3-in-2025,description,"The blockchain and Web3 space is evolving at rocket speed. As 2025 unfolds, Blockchain and Web3 integration reaches new peaks, supercharged by AI Blockchain solutions, Zero-Knowledge Proofs...","Blockchain and Web3 hit new peaks in 2025, powered by AI-blockchain solutions, Zero-Knowledge Proofs, and enterprise adoption. Key trends to watch now.",REVIEW
/post/the-new-era-of-blockchain-and-web3-in-2025,/blog/the-new-era-of-blockchain-and-web3-in-2025,canonical,https://spacedev.io/post/the-new-era-of-blockchain-and-web3-in-2025,https://spacedev.io/blog/the-new-era-of-blockchain-and-web3-in-2025/,INFO
/post/the-new-era-of-blockchain-and-web3-in-2025,/blog/the-new-era-of-blockchain-and-web3-in-2025,og:title,(ausente),The New Era of Blockchain and Web3 in 2025,WARN
/post/the-new-era-of-blockchain-and-web3-in-2025,/blog/the-new-era-of-blockchain-and-web3-in-2025,og:description,"The blockchain and Web3 space is evolving at rocket speed. As 2025 unfolds, Blockchain and Web3 integration reaches new peaks, supercharged by AI Blockchain solutions, Zero-Knowledge Proofs...","Blockchain and Web3 hit new peaks in 2025, powered by AI-blockchain solutions, Zero-Knowledge Proofs, and enterprise adoption. Key trends to watch now.",WARN
/post/the-new-era-of-blockchain-and-web3-in-2025,/blog/the-new-era-of-blockchain-and-web3-in-2025,og:image,https://framerusercontent.com/images/G6FrxHO2dL9IcgUw5RwkUELN6g.png,https://spacedev.io,WARN
/post/the-role-of-smart-contracts-in-defi,/blog/the-role-of-smart-contracts-in-defi,title,"The Role of Smart Contracts in DeFi: Work, Power, and Security",Smart Contracts in DeFi: How They Power Web3 Protocols,REVIEW
/post/the-role-of-smart-contracts-in-defi,/blog/the-role-of-smart-contracts-in-defi,description,"Smart contracts are the engine behind every DeFi protocol. This guide covers how they work, the types that power lending, DEXs and governance and what the 2026 security landscape looks like.","Smart contracts power every DeFi protocol. How they work, the types behind lending, DEXs and governance, and why security audits are non-negotiable.",REVIEW
/post/the-role-of-smart-contracts-in-defi,/blog/the-role-of-smart-contracts-in-defi,canonical,https://spacedev.io/post/the-role-of-smart-contracts-in-defi,https://spacedev.io/blog/the-role-of-smart-contracts-in-defi/,INFO
/post/the-role-of-smart-contracts-in-defi,/blog/the-role-of-smart-contracts-in-defi,og:title,"The Role of Smart Contracts in DeFi: Work, Power, and Security",Smart Contracts in DeFi: How They Power Web3 Protocols,WARN
/post/the-role-of-smart-contracts-in-defi,/blog/the-role-of-smart-contracts-in-defi,og:description,"Smart contracts are the engine behind every DeFi protocol. This guide covers how they work, the types that power lending, DEXs and governance and what the 2026 security landscape looks like.","Smart contracts power every DeFi protocol. How they work, the types behind lending, DEXs and governance, and why security audits are non-negotiable.",WARN
/post/the-role-of-smart-contracts-in-defi,/blog/the-role-of-smart-contracts-in-defi,og:image,https://framerusercontent.com/images/G6FrxHO2dL9IcgUw5RwkUELN6g.png,https://spacedev.io/images/content/bVD0R0iXQ8QzvTTXdhaxjxRR8.webp,WARN
/post/the-top-5-web3-marketing-agencies-for-your-web3-business,/blog/the-top-5-web3-marketing-agencies-for-your-web3-business,title,(ausente),Top 5 Web3 Marketing Agencies for Your Business,REVIEW
/post/the-top-5-web3-marketing-agencies-for-your-web3-business,/blog/the-top-5-web3-marketing-agencies-for-your-web3-business,description,"Web3, the decentralized web, is reshaping the way businesses connect with their audiences, leveraging blockchain, decentralized finance (DeFi), non-fungible tokens (NFTs) and other technologies  to...","Discover the top 5 Web3 marketing agencies specializing in blockchain, DeFi, and NFT promotion to help your Web3 business reach the right audience.",REVIEW
/post/the-top-5-web3-marketing-agencies-for-your-web3-business,/blog/the-top-5-web3-marketing-agencies-for-your-web3-business,canonical,https://spacedev.io/post/the-top-5-web3-marketing-agencies-for-your-web3-business,https://spacedev.io/blog/the-top-5-web3-marketing-agencies-for-your-web3-business/,INFO
/post/the-top-5-web3-marketing-agencies-for-your-web3-business,/blog/the-top-5-web3-marketing-agencies-for-your-web3-business,og:title,(ausente),Top 5 Web3 Marketing Agencies for Your Business,WARN
/post/the-top-5-web3-marketing-agencies-for-your-web3-business,/blog/the-top-5-web3-marketing-agencies-for-your-web3-business,og:description,"Web3, the decentralized web, is reshaping the way businesses connect with their audiences, leveraging blockchain, decentralized finance (DeFi), non-fungible tokens (NFTs) and other technologies  to...","Discover the top 5 Web3 marketing agencies specializing in blockchain, DeFi, and NFT promotion to help your Web3 business reach the right audience.",WARN
/post/the-top-5-web3-marketing-agencies-for-your-web3-business,/blog/the-top-5-web3-marketing-agencies-for-your-web3-business,og:image,https://framerusercontent.com/images/G6FrxHO2dL9IcgUw5RwkUELN6g.png,https://spacedev.io/images/content/hxho9VrUWQGx6HtGs0MBU04Ln1M.webp,WARN
/post/top-ai-powered-tools-for-nft-creation,/blog/top-ai-powered-tools-for-nft-creation,title,AI Tools for NFT Creators: What's Actually Worth Using,Top AI-Powered Tools for NFT Creation in 2025,REVIEW
/post/top-ai-powered-tools-for-nft-creation,/blog/top-ai-powered-tools-for-nft-creation,description,The intersection between art and the digital world has been irrevocably changed by the existence of Non-Fungible Tokens. NFTs are digital assets that represent real-world objects like illustrations...,"Explore the best AI tools for NFT creation, from DALL-E to Artbreeder, and learn how to design digital assets and mint your first AI-generated NFT.",REVIEW
/post/top-ai-powered-tools-for-nft-creation,/blog/top-ai-powered-tools-for-nft-creation,canonical,https://spacedev.io/post/top-ai-powered-tools-for-nft-creation,https://spacedev.io/blog/top-ai-powered-tools-for-nft-creation/,INFO
/post/top-ai-powered-tools-for-nft-creation,/blog/top-ai-powered-tools-for-nft-creation,og:title,AI Tools for NFT Creators: What's Actually Worth Using,Top AI-Powered Tools for NFT Creation in 2025,WARN
/post/top-ai-powered-tools-for-nft-creation,/blog/top-ai-powered-tools-for-nft-creation,og:description,The intersection between art and the digital world has been irrevocably changed by the existence of Non-Fungible Tokens. NFTs are digital assets that represent real-world objects like illustrations...,"Explore the best AI tools for NFT creation, from DALL-E to Artbreeder, and learn how to design digital assets and mint your first AI-generated NFT.",WARN
/post/top-ai-powered-tools-for-nft-creation,/blog/top-ai-powered-tools-for-nft-creation,og:image,https://framerusercontent.com/images/G6FrxHO2dL9IcgUw5RwkUELN6g.png,https://spacedev.io/images/content/jqHHiOTVsHa4ioIxPxCULv2gUg.webp,WARN
/post/u-s-banks-enter-the-crypto-arena-what-it-means-for-blockchain-consulting-fintech-development,/blog/u-s-banks-enter-the-crypto-arena-what-it-means-for-blockchain-consulting-fintech-development,title,(ausente),U.S. Banks Enter Crypto: What It Means for Fintech,REVIEW
/post/u-s-banks-enter-the-crypto-arena-what-it-means-for-blockchain-consulting-fintech-development,/blog/u-s-banks-enter-the-crypto-arena-what-it-means-for-blockchain-consulting-fintech-development,description,"The future of traditional banking is becoming increasingly intertwined with blockchain—and the latest move from U.S. regulators just confirmed it. In a game-changing shift, the Office of the...","The future of traditional banking is becoming increasingly intertwined with blockchain, and the latest move from U.S. regulators just confirmed it.",REVIEW
/post/u-s-banks-enter-the-crypto-arena-what-it-means-for-blockchain-consulting-fintech-development,/blog/u-s-banks-enter-the-crypto-arena-what-it-means-for-blockchain-consulting-fintech-development,canonical,https://spacedev.io/post/u-s-banks-enter-the-crypto-arena-what-it-means-for-blockchain-consulting-fintech-development,https://spacedev.io/blog/u-s-banks-enter-the-crypto-arena-what-it-means-for-blockchain-consulting-fintech-development/,INFO
/post/u-s-banks-enter-the-crypto-arena-what-it-means-for-blockchain-consulting-fintech-development,/blog/u-s-banks-enter-the-crypto-arena-what-it-means-for-blockchain-consulting-fintech-development,og:title,(ausente),U.S. Banks Enter Crypto: What It Means for Fintech,WARN
/post/u-s-banks-enter-the-crypto-arena-what-it-means-for-blockchain-consulting-fintech-development,/blog/u-s-banks-enter-the-crypto-arena-what-it-means-for-blockchain-consulting-fintech-development,og:description,"The future of traditional banking is becoming increasingly intertwined with blockchain—and the latest move from U.S. regulators just confirmed it. In a game-changing shift, the Office of the...","The future of traditional banking is becoming increasingly intertwined with blockchain, and the latest move from U.S. regulators just confirmed it.",WARN
/post/u-s-banks-enter-the-crypto-arena-what-it-means-for-blockchain-consulting-fintech-development,/blog/u-s-banks-enter-the-crypto-arena-what-it-means-for-blockchain-consulting-fintech-development,og:image,https://framerusercontent.com/images/G6FrxHO2dL9IcgUw5RwkUELN6g.png,https://spacedev.io/images/content/J8qCLvFdZOivyDaLs0dELBR2r0.webp,WARN
/post/understanding-and-deploying-ai-agents,/blog/understanding-and-deploying-ai-agents,title,(ausente),Understanding and Deploying AI Agents in Production,REVIEW
/post/understanding-and-deploying-ai-agents,/blog/understanding-and-deploying-ai-agents,description,"Whether you were aware of it or not, chances are that you’ve interacted with artificial intelligence agents before – probably as chatbots in your favorite store’s online support page. These once...","AI agents are redefining automation, autonomy, and digital interaction. Learn what AI agents are, how they work, and how to deploy them in your business.",REVIEW
/post/understanding-and-deploying-ai-agents,/blog/understanding-and-deploying-ai-agents,canonical,https://spacedev.io/post/understanding-and-deploying-ai-agents,https://spacedev.io/blog/understanding-and-deploying-ai-agents/,INFO
/post/understanding-and-deploying-ai-agents,/blog/understanding-and-deploying-ai-agents,og:title,(ausente),Understanding and Deploying AI Agents in Production,WARN
/post/understanding-and-deploying-ai-agents,/blog/understanding-and-deploying-ai-agents,og:description,"Whether you were aware of it or not, chances are that you’ve interacted with artificial intelligence agents before – probably as chatbots in your favorite store’s online support page. These once...","AI agents are redefining automation, autonomy, and digital interaction. Learn what AI agents are, how they work, and how to deploy them in your business.",WARN
/post/understanding-and-deploying-ai-agents,/blog/understanding-and-deploying-ai-agents,og:image,https://framerusercontent.com/images/G6FrxHO2dL9IcgUw5RwkUELN6g.png,https://spacedev.io/images/content/c4SpYpXNEIPEN7vUedA03v3VZg.webp,WARN
/post/upgrading-customer-service-with-a-whatsapp-bot,/blog/upgrading-customer-service-with-a-whatsapp-bot,title,(ausente),AI WhatsApp Bot: Upgrade Your Customer Service,REVIEW
/post/upgrading-customer-service-with-a-whatsapp-bot,/blog/upgrading-customer-service-with-a-whatsapp-bot,description,"A very easy and effective tool to take your company’s customer service to the next level is an AI-powered WhatsApp bot. Acting as the first point of contact, it can automatically respond to most...","An AI-powered WhatsApp bot answers most customer inquiries automatically, delivering 24/7 support and raising service quality from the first contact.",REVIEW
/post/upgrading-customer-service-with-a-whatsapp-bot,/blog/upgrading-customer-service-with-a-whatsapp-bot,canonical,https://spacedev.io/post/upgrading-customer-service-with-a-whatsapp-bot,https://spacedev.io/blog/upgrading-customer-service-with-a-whatsapp-bot/,INFO
/post/upgrading-customer-service-with-a-whatsapp-bot,/blog/upgrading-customer-service-with-a-whatsapp-bot,og:title,(ausente),AI WhatsApp Bot: Upgrade Your Customer Service,WARN
/post/upgrading-customer-service-with-a-whatsapp-bot,/blog/upgrading-customer-service-with-a-whatsapp-bot,og:description,"A very easy and effective tool to take your company’s customer service to the next level is an AI-powered WhatsApp bot. Acting as the first point of contact, it can automatically respond to most...","An AI-powered WhatsApp bot answers most customer inquiries automatically, delivering 24/7 support and raising service quality from the first contact.",WARN
/post/upgrading-customer-service-with-a-whatsapp-bot,/blog/upgrading-customer-service-with-a-whatsapp-bot,og:image,https://framerusercontent.com/images/G6FrxHO2dL9IcgUw5RwkUELN6g.png,https://spacedev.io/images/content/50nXesZNFn34Yd4LegrcrmDpVic.webp,WARN
/post/vibe-coding-hype-help-or-hazard,/blog/vibe-coding-hype-help-or-hazard,title,(ausente),"Vibe Coding: Hype, Help, or Hazard for Developers?",REVIEW
/post/vibe-coding-hype-help-or-hazard,/blog/vibe-coding-hype-help-or-hazard,description,"A new buzzword is spreading across engineering teams, hackathons, and overcrowded techy Discords: vibe coding. Depending on who you ask, it’s either the most exciting thing to happen to software...",Vibe coding is the new buzzword in software development. Is it the biggest shift since Git or a hazard for code quality? A clear-eyed look at the hype.,REVIEW
/post/vibe-coding-hype-help-or-hazard,/blog/vibe-coding-hype-help-or-hazard,canonical,https://spacedev.io/post/vibe-coding-hype-help-or-hazard,https://spacedev.io/blog/vibe-coding-hype-help-or-hazard/,INFO
/post/vibe-coding-hype-help-or-hazard,/blog/vibe-coding-hype-help-or-hazard,og:title,(ausente),"Vibe Coding: Hype, Help, or Hazard for Developers?",WARN
/post/vibe-coding-hype-help-or-hazard,/blog/vibe-coding-hype-help-or-hazard,og:description,"A new buzzword is spreading across engineering teams, hackathons, and overcrowded techy Discords: vibe coding. Depending on who you ask, it’s either the most exciting thing to happen to software...",Vibe coding is the new buzzword in software development. Is it the biggest shift since Git or a hazard for code quality? A clear-eyed look at the hype.,WARN
/post/vibe-coding-hype-help-or-hazard,/blog/vibe-coding-hype-help-or-hazard,og:image,https://framerusercontent.com/images/G6FrxHO2dL9IcgUw5RwkUELN6g.png,https://spacedev.io/images/content/5SIjYNrqoXVAQqwdwdO9upLD84.webp,WARN
/post/wallet-connections,/blog/wallet-connections,title,(ausente),Wallet Connections in Web3: How They Work,REVIEW
/post/wallet-connections,/blog/wallet-connections,description,"As web3 ecosystems continue to grow and evolve, digital wallets have become indispensable to interact with decentralized applications (dApps) and manage assets on the blockchain. Current solutions...","Digital wallets are essential to interact with dApps in Web3. Explore wallet types, web3 libraries, and SDKs for seamless wallet connection integration.",REVIEW
/post/wallet-connections,/blog/wallet-connections,canonical,https://spacedev.io/post/wallet-connections,https://spacedev.io/blog/wallet-connections/,INFO
/post/wallet-connections,/blog/wallet-connections,og:title,(ausente),Wallet Connections in Web3: How They Work,WARN
/post/wallet-connections,/blog/wallet-connections,og:description,"As web3 ecosystems continue to grow and evolve, digital wallets have become indispensable to interact with decentralized applications (dApps) and manage assets on the blockchain. Current solutions...","Digital wallets are essential to interact with dApps in Web3. Explore wallet types, web3 libraries, and SDKs for seamless wallet connection integration.",WARN
/post/wallet-connections,/blog/wallet-connections,og:image,https://framerusercontent.com/images/G6FrxHO2dL9IcgUw5RwkUELN6g.png,https://spacedev.io/images/content/hSDllB1d1JjC9oNH7hkkChHjq8.webp,WARN
/post/web2-web3-migration-guide-for-fintech-the-first-90-days,/blog/web2-to-web3-fintech,title,How Fintech Companies Can Migrate to Web3 in 90 Days,Web2 to Web3 Migration Guide for Fintech Teams,REVIEW
/post/web2-web3-migration-guide-for-fintech-the-first-90-days,/blog/web2-to-web3-fintech,description,"Over the past decade, fintech has thrived on APIs, mobile-first design, and cloud-native infrastructure. Products like Stripe, Plaid, Wise, and Nubank set real-time transactions, global reach, and...","A practical migration path for fintechs that want to bring blockchain into production without breaking compliance, performance, or user experience.",REVIEW
/post/web2-web3-migration-guide-for-fintech-the-first-90-days,/blog/web2-to-web3-fintech,canonical,https://spacedev.io/post/web2-web3-migration-guide-for-fintech-the-first-90-days,https://spacedev.io/blog/web2-to-web3-fintech/,INFO
/post/web2-web3-migration-guide-for-fintech-the-first-90-days,/blog/web2-to-web3-fintech,og:title,How Fintech Companies Can Migrate to Web3 in 90 Days,Web2 to Web3 Migration Guide for Fintech Teams,WARN
/post/web2-web3-migration-guide-for-fintech-the-first-90-days,/blog/web2-to-web3-fintech,og:description,"Over the past decade, fintech has thrived on APIs, mobile-first design, and cloud-native infrastructure. Products like Stripe, Plaid, Wise, and Nubank set real-time transactions, global reach, and...","A practical migration path for fintechs that want to bring blockchain into production without breaking compliance, performance, or user experience.",WARN
/post/web2-web3-migration-guide-for-fintech-the-first-90-days,/blog/web2-to-web3-fintech,og:image,https://framerusercontent.com/images/G6FrxHO2dL9IcgUw5RwkUELN6g.png,https://spacedev.io/images/content/Uq2tE6OoZv8AxWxDvroCH8r0.webp,WARN
/post/web2-web3-migration-guide-for-fintech-the-first-90-days,/blog/web2-to-web3-fintech,h1,Web2 → Web3 Migration Guide for Fintech: The First 90 Days,Web2 → Web3 Migration Guide for Fintech,WARN
/post/we’re-now-an-aws-partner,/blog/aws-select-partner,title,(ausente),We're Now AWS Select Partners!,REVIEW
/post/we’re-now-an-aws-partner,/blog/aws-select-partner,description,"SpaceDev has joined the AWS Partner Network (APN), Amazon Web Services’ global program for companies that build and deliver solutions on its platform. It’s a step that formalizes what we’ve been...",SpaceDev has joined the AWS Partner Network as a Select Partner. Here's what it means for our clients and how it strengthens our cloud and Web3 work.,REVIEW
/post/we’re-now-an-aws-partner,/blog/aws-select-partner,canonical,https://spacedev.io/post/we%E2%80%99re-now-an-aws-partner,https://spacedev.io/blog/aws-select-partner/,INFO
/post/we’re-now-an-aws-partner,/blog/aws-select-partner,og:title,(ausente),We're Now AWS Select Partners!,WARN
/post/we’re-now-an-aws-partner,/blog/aws-select-partner,og:description,"SpaceDev has joined the AWS Partner Network (APN), Amazon Web Services’ global program for companies that build and deliver solutions on its platform. It’s a step that formalizes what we’ve been...",SpaceDev has joined the AWS Partner Network as a Select Partner. Here's what it means for our clients and how it strengthens our cloud and Web3 work.,WARN
/post/we’re-now-an-aws-partner,/blog/aws-select-partner,og:image,https://framerusercontent.com/images/G6FrxHO2dL9IcgUw5RwkUELN6g.png,https://spacedev.io/images/content/9feDkXRGNd52EakG0mP2Umo.webp,WARN
/post/we’re-now-an-aws-partner,/blog/aws-select-partner,h1,We’re Now AWS Select Partners!,We're Now AWS Select Partners!,WARN
/post/what-are-blockchain-protocols-and-why-are-they-so-important,/blog/what-are-blockchain-protocols-and-why-are-they-so-important,title,(ausente),Blockchain Protocols Explained: Why They Matter,REVIEW
/post/what-are-blockchain-protocols-and-why-are-they-so-important,/blog/what-are-blockchain-protocols-and-why-are-they-so-important,description,"Whether public or private, well established or brand new, every blockchain network operates under a set of foundational rules. These define how data is validated, how transactions are processed and...","Blockchain protocols are the foundational rules of every network, defining how data is validated, transactions are processed, and participants interact.",REVIEW
/post/what-are-blockchain-protocols-and-why-are-they-so-important,/blog/what-are-blockchain-protocols-and-why-are-they-so-important,canonical,https://spacedev.io/post/what-are-blockchain-protocols-and-why-are-they-so-important,https://spacedev.io/blog/what-are-blockchain-protocols-and-why-are-they-so-important/,INFO
/post/what-are-blockchain-protocols-and-why-are-they-so-important,/blog/what-are-blockchain-protocols-and-why-are-they-so-important,og:title,(ausente),Blockchain Protocols Explained: Why They Matter,WARN
/post/what-are-blockchain-protocols-and-why-are-they-so-important,/blog/what-are-blockchain-protocols-and-why-are-they-so-important,og:description,"Whether public or private, well established or brand new, every blockchain network operates under a set of foundational rules. These define how data is validated, how transactions are processed and...","Blockchain protocols are the foundational rules of every network, defining how data is validated, transactions are processed, and participants interact.",WARN
/post/what-are-blockchain-protocols-and-why-are-they-so-important,/blog/what-are-blockchain-protocols-and-why-are-they-so-important,og:image,https://framerusercontent.com/images/G6FrxHO2dL9IcgUw5RwkUELN6g.png,https://spacedev.io/images/content/eGC3vJH4dLUVuXBOVdkGVL066FE.webp,WARN
/post/what-web3-protocols-need-in-2025,/blog/what-web3-protocols-need-in-2025,title,What Web3 Protocols Need to Succeed in 2026,What Web3 Protocols Need to Succeed in 2026,REVIEW
/post/what-web3-protocols-need-in-2025,/blog/what-web3-protocols-need-in-2025,description,"Blockchain continues to mature, turning experimentation into expectation. Nowadays, web3 protocols power decentralized exchanges, digital identity layers, global supply chains, and community-owned...","Web3 protocols power DEXs, digital identity, and supply chains. What they need to succeed in 2026: infrastructure, security, talent, and interoperability.",REVIEW
/post/what-web3-protocols-need-in-2025,/blog/what-web3-protocols-need-in-2025,canonical,https://spacedev.io/post/what-web3-protocols-need-in-2025,https://spacedev.io/blog/what-web3-protocols-need-in-2025/,INFO
/post/what-web3-protocols-need-in-2025,/blog/what-web3-protocols-need-in-2025,og:title,What Web3 Protocols Need to Succeed in 2026,What Web3 Protocols Need to Succeed in 2026,WARN
/post/what-web3-protocols-need-in-2025,/blog/what-web3-protocols-need-in-2025,og:description,"Blockchain continues to mature, turning experimentation into expectation. Nowadays, web3 protocols power decentralized exchanges, digital identity layers, global supply chains, and community-owned...","Web3 protocols power DEXs, digital identity, and supply chains. What they need to succeed in 2026: infrastructure, security, talent, and interoperability.",WARN
/post/what-web3-protocols-need-in-2025,/blog/what-web3-protocols-need-in-2025,og:image,https://framerusercontent.com/images/G6FrxHO2dL9IcgUw5RwkUELN6g.png,https://spacedev.io/images/content/Sa5MlGeDLNgcFDmCL7kH7Q3TBgA.webp,WARN
/post/what-web3-protocols-need-in-2025,/blog/what-web3-protocols-need-in-2025,h1,What Web3 Protocols Need in 2026,What Web3 Protocols Need to Succeed in 2026,WARN
/post/white-label-crypto-exchange-solutions,/blog/white-label-crypto-exchange-solutions,title,(ausente),White Label Crypto Exchange: How It Works & Who Needs It,REVIEW
/post/white-label-crypto-exchange-solutions,/blog/white-label-crypto-exchange-solutions,description,"With the constant evolution and growing acceptance of blockchain-related products, more and more platforms are being developed which allow commerce using cryptocurrencies. Nowadays, 95% of all...","White label crypto exchange solutions give businesses a fast track to market entry. Compare top providers, features, and costs for your crypto platform.",REVIEW
/post/white-label-crypto-exchange-solutions,/blog/white-label-crypto-exchange-solutions,canonical,https://spacedev.io/post/white-label-crypto-exchange-solutions,https://spacedev.io/blog/white-label-crypto-exchange-solutions/,INFO
/post/white-label-crypto-exchange-solutions,/blog/white-label-crypto-exchange-solutions,og:title,(ausente),White Label Crypto Exchange: How It Works & Who Needs It,WARN
/post/white-label-crypto-exchange-solutions,/blog/white-label-crypto-exchange-solutions,og:description,"With the constant evolution and growing acceptance of blockchain-related products, more and more platforms are being developed which allow commerce using cryptocurrencies. Nowadays, 95% of all...","White label crypto exchange solutions give businesses a fast track to market entry. Compare top providers, features, and costs for your crypto platform.",WARN
/post/white-label-crypto-exchange-solutions,/blog/white-label-crypto-exchange-solutions,og:image,https://framerusercontent.com/images/G6FrxHO2dL9IcgUw5RwkUELN6g.png,https://spacedev.io/images/content/W9x6IOdCW0t4rCATB3Ze7voDiLI.png,WARN
/post/why-metamask-embedded-wallets-are-a-game-changer-for-web3-onboarding,/blog/why-metamask-embedded-wallets-are-a-game-changer-for-web3-onboarding,title,How MetaMask Embedded Wallets Simplify Web3 Onboarding,MetaMask Embedded Wallets for Web3 Onboarding,REVIEW
/post/why-metamask-embedded-wallets-are-a-game-changer-for-web3-onboarding,/blog/why-metamask-embedded-wallets-are-a-game-changer-for-web3-onboarding,description,"At SpaceDev, we spend our days deep in the trenches with developers, helping teams bring ambitious Web3 ideas to life. And if there's one thing we’ve consistently seen, it’s how crucial a smooth...","MetaMask Embedded Wallets remove seed phrases and extensions from Web3 onboarding, using social login to boost user retention in your dApp from day one.",REVIEW
/post/why-metamask-embedded-wallets-are-a-game-changer-for-web3-onboarding,/blog/why-metamask-embedded-wallets-are-a-game-changer-for-web3-onboarding,canonical,https://spacedev.io/post/why-metamask-embedded-wallets-are-a-game-changer-for-web3-onboarding,https://spacedev.io/blog/why-metamask-embedded-wallets-are-a-game-changer-for-web3-onboarding/,INFO
/post/why-metamask-embedded-wallets-are-a-game-changer-for-web3-onboarding,/blog/why-metamask-embedded-wallets-are-a-game-changer-for-web3-onboarding,og:title,How MetaMask Embedded Wallets Simplify Web3 Onboarding,MetaMask Embedded Wallets for Web3 Onboarding,WARN
/post/why-metamask-embedded-wallets-are-a-game-changer-for-web3-onboarding,/blog/why-metamask-embedded-wallets-are-a-game-changer-for-web3-onboarding,og:description,"At SpaceDev, we spend our days deep in the trenches with developers, helping teams bring ambitious Web3 ideas to life. And if there's one thing we’ve consistently seen, it’s how crucial a smooth...","MetaMask Embedded Wallets remove seed phrases and extensions from Web3 onboarding, using social login to boost user retention in your dApp from day one.",WARN
/post/why-metamask-embedded-wallets-are-a-game-changer-for-web3-onboarding,/blog/why-metamask-embedded-wallets-are-a-game-changer-for-web3-onboarding,og:image,https://framerusercontent.com/images/G6FrxHO2dL9IcgUw5RwkUELN6g.png,https://spacedev.io/images/content/RVMvAqis5lvyDbQre8vqzsh7BT8.webp,WARN
/post/zero-knowledge-rollups-for-rwas-architecture-costs-pitfalls,/blog/zero-knowledge-rollups-for-rwas-architecture-costs-pitfalls,title,"ZK Rollups for RWAs: Architecture, Costs, and Pitfalls","ZK Rollups for RWAs: Architecture, Costs & Pitfalls",REVIEW
/post/zero-knowledge-rollups-for-rwas-architecture-costs-pitfalls,/blog/zero-knowledge-rollups-for-rwas-architecture-costs-pitfalls,description,"Tokenized real-world assets (RWAs) are no longer fringe crypto concepts. As of August 27, 2025, analytics from RWA.xyz show roughly $26.5B in RWAs live on public chains (definition varies by...","Tokenized real-world assets top $26.5B on public chains. How ZK rollups fit RWA infrastructure: architecture choices, costs, and pitfalls to avoid.",REVIEW
/post/zero-knowledge-rollups-for-rwas-architecture-costs-pitfalls,/blog/zero-knowledge-rollups-for-rwas-architecture-costs-pitfalls,canonical,https://spacedev.io/post/zero-knowledge-rollups-for-rwas-architecture-costs-pitfalls,https://spacedev.io/blog/zero-knowledge-rollups-for-rwas-architecture-costs-pitfalls/,INFO
/post/zero-knowledge-rollups-for-rwas-architecture-costs-pitfalls,/blog/zero-knowledge-rollups-for-rwas-architecture-costs-pitfalls,og:title,"ZK Rollups for RWAs: Architecture, Costs, and Pitfalls","ZK Rollups for RWAs: Architecture, Costs & Pitfalls",WARN
/post/zero-knowledge-rollups-for-rwas-architecture-costs-pitfalls,/blog/zero-knowledge-rollups-for-rwas-architecture-costs-pitfalls,og:description,"Tokenized real-world assets (RWAs) are no longer fringe crypto concepts. As of August 27, 2025, analytics from RWA.xyz show roughly $26.5B in RWAs live on public chains (definition varies by...","Tokenized real-world assets top $26.5B on public chains. How ZK rollups fit RWA infrastructure: architecture choices, costs, and pitfalls to avoid.",WARN
/post/zero-knowledge-rollups-for-rwas-architecture-costs-pitfalls,/blog/zero-knowledge-rollups-for-rwas-architecture-costs-pitfalls,og:image,https://framerusercontent.com/images/G6FrxHO2dL9IcgUw5RwkUELN6g.png,https://spacedev.io/images/content/ISwpOm131QIqCH8MFaadZ9zSvus.webp,WARN
/privacy-policy,/privacy-policy,title,Privacy Policy | SpaceDev,Privacy Policy | SpaceDev,REVIEW
/privacy-policy,/privacy-policy,description,"Unlock the future of technology with SpaceDev. We specialize in cutting-edge software development, AI integration, blockchain solutions, and more. Discover how we can elevate your business.","Read how SpaceDev collects, uses, stores, and protects your personal information when you visit spacedev.io, contact us, or engage our development services.",REVIEW
/privacy-policy,/privacy-policy,canonical,https://spacedev.io/privacy-policy,https://spacedev.io/privacy-policy/,INFO
/privacy-policy,/privacy-policy,og:title,Privacy Policy | SpaceDev,Privacy Policy | SpaceDev,WARN
/privacy-policy,/privacy-policy,og:description,"Unlock the future of technology with SpaceDev. We specialize in cutting-edge software development, AI integration, blockchain solutions, and more. Discover how we can elevate your business.","Read how SpaceDev collects, uses, stores, and protects your personal information when you visit spacedev.io, contact us, or engage our development services.",WARN
/privacy-policy,/privacy-policy,og:image,https://framerusercontent.com/assets/KD9R4h94YxLSpWDK8gSxftGd7U.svg,https://spacedev.io/images/og-default.png,WARN
/product-discovery,/product-discovery,title,Product Discovery - An strategic aproach by SpaceDev,Product Discovery: A Strategic Approach by SpaceDev,REVIEW
/product-discovery,/product-discovery,description,"Define your vision, validate ideas, and create a clear roadmap for success with our strategic approach. Kickstart your project with SpaceDev’s Product Discovery.","Validate ideas, define MVPs, and design roadmaps before writing a single line of code. Six discovery sprints tailored to your stage.",REVIEW
/product-discovery,/product-discovery,canonical,https://spacedev.io/product-discovery,https://spacedev.io/product-discovery/,INFO
/product-discovery,/product-discovery,og:title,Product Discovery - An strategic aproach by SpaceDev,Product Discovery: A Strategic Approach by SpaceDev,WARN
/product-discovery,/product-discovery,og:description,"Define your vision, validate ideas, and create a clear roadmap for success with our strategic approach. Kickstart your project with SpaceDev’s Product Discovery.","Validate ideas, define MVPs, and design roadmaps before writing a single line of code. Six discovery sprints tailored to your stage.",WARN
/product-discovery,/product-discovery,og:image,https://framerusercontent.com/assets/KD9R4h94YxLSpWDK8gSxftGd7U.svg,https://spacedev.io/images/og-default.png,WARN
/staff-augmentation,/staff-augmentation,title,IT Staff Augmentation Services - Hire Top Tech Talent,IT Staff Augmentation & Nearshore Teams | SpaceDev,REVIEW
/staff-augmentation,/staff-augmentation,description,Scale your team with SpaceDev's IT staff augmentation services. Hire pre-vetted full-stack blockchain and software developers ready to integrate immediately and without overhead.,"IT staff augmentation with pre-vetted nearshore developers, designers, and specialists ready in under 2 weeks. Scale your team with SpaceDev today.",REVIEW
/staff-augmentation,/staff-augmentation,canonical,https://spacedev.io/staff-augmentation,https://spacedev.io/staff-augmentation/,INFO
/staff-augmentation,/staff-augmentation,og:title,IT Staff Augmentation Services - Hire Top Tech Talent,IT Staff Augmentation & Nearshore Teams | SpaceDev,WARN
/staff-augmentation,/staff-augmentation,og:description,Scale your team with SpaceDev's IT staff augmentation services. Hire pre-vetted full-stack blockchain and software developers ready to integrate immediately and without overhead.,"IT staff augmentation with pre-vetted nearshore developers, designers, and specialists ready in under 2 weeks. Scale your team with SpaceDev today.",WARN
/staff-augmentation,/staff-augmentation,og:image,https://framerusercontent.com/assets/KD9R4h94YxLSpWDK8gSxftGd7U.svg,https://spacedev.io/images/og-default.png,WARN
/terms-and-conditions,/terms-and-conditions,title,Terms and Conditions | SpaceDev,Terms & Conditions | SpaceDev,REVIEW
/terms-and-conditions,/terms-and-conditions,description,"Unlock the future of technology with SpaceDev. We specialize in cutting-edge software development, AI integration, blockchain solutions, and more. Discover how we can elevate your business.","Review the terms and conditions governing the use of spacedev.io and SpaceDev's software development services, including user responsibilities and rights.",REVIEW
/terms-and-conditions,/terms-and-conditions,canonical,https://spacedev.io/terms-and-conditions,https://spacedev.io/terms-and-conditions/,INFO
/terms-and-conditions,/terms-and-conditions,og:title,Terms and Conditions | SpaceDev,Terms & Conditions | SpaceDev,WARN
/terms-and-conditions,/terms-and-conditions,og:description,"Unlock the future of technology with SpaceDev. We specialize in cutting-edge software development, AI integration, blockchain solutions, and more. Discover how we can elevate your business.","Review the terms and conditions governing the use of spacedev.io and SpaceDev's software development services, including user responsibilities and rights.",WARN
/terms-and-conditions,/terms-and-conditions,og:image,https://framerusercontent.com/assets/KD9R4h94YxLSpWDK8gSxftGd7U.svg,https://spacedev.io/images/og-default.png,WARN
/terms-and-conditions,/terms-and-conditions,h1,Terms and Conditions,Terms & Conditions,WARN